id_transacao,valor,hora_transacao,categoria,metodo_pagamento,localizacao,fraude
70849,2027.58,2025-02-28 11:12:31,Eletrônicos,cartao_credito,Azevedo de Sampaio,0
43112,4829.72,2025-03-20 08:12:00,Eletrônicos,cartao_debito,Melo,0
16254,2742.88,2025-02-23 11:13:07,Restaurante,cartao_credito,Moreira,1
94402,696.68,2025-02-23 22:06:05,Eletrônicos,cartao_debito,Vasconcelos,1
61456,817.76,2025-03-03 05:05:09,Farmacia,cartao_credito,Cardoso,0
41783,3810.26,2025-02-26 18:58:24,Farmacia,pix,Rios do Amparo,1
96821,325.63,2025-03-17 15:46:30,PetShop,boleto,Nascimento,1
20403,160.04,2025-02-25 00:16:06,PetShop,boleto,da Rosa,1
34377,1439.23,2025-03-15 07:18:59,Restaurante,cartao_credito,Gomes de Aragão,1
51857,1318.73,2025-02-21 03:24:19,Farmacia,boleto,da Cunha,0
49711,1249.1,2025-03-17 08:03:14,Eletrônicos,pix,Macedo,0
76663,4153.91,2025-02-20 17:54:27,Farmacia,pix,Rocha,1
20292,3487.68,2025-03-22 00:37:22,Eletrônicos,cartao_credito,Barbosa do Norte,0
55716,480.33,2025-03-02 10:07:58,Eletrônicos,cartao_credito,Campos,0
85194,4212.51,2025-02-24 20:26:19,Viagem,bitcoin,Abreu,1
36680,2881.99,2025-03-07 00:40:59,Supermercado,cartao_credito,Viana,0
13008,63.05,2025-03-06 02:44:07,PetShop,boleto,Nascimento do Galho,1
53138,180.3,2025-03-11 07:22:41,PetShop,boleto,Sousa,0
12679,4113.45,2025-03-08 20:30:01,Compra Online,cartao_credito,Montenegro,0
50588,2266.5,2025-03-10 14:30:42,Farmacia,cartao_debito,Pires,0
57505,1838.06,2025-03-12 14:45:20,Eletrônicos,cartao_credito,Pires,0
84728,700.4,2025-03-11 03:32:21,Compra Online,paypal,da Costa,0
47536,1602.06,2025-03-11 09:57:57,Restaurante,cartao_credito,Peixoto do Oeste,1
25584,2579.15,2025-02-27 20:38:56,Eletrônicos,cartao_debito,da Mata de Nogueira,1
81807,2143.55,2025-02-20 17:59:47,Eletrônicos,cartao_debito,Borges de Barbosa,0
86816,4402.84,2025-02-23 08:44:28,Eletrônicos,cartao_debito,Câmara,1
10630,1031.08,2025-03-17 17:00:21,Farmacia,cartao_debito,Souza de Rocha,0
88898,2015.85,2025-03-10 04:15:09,Compra Online,boleto,Duarte das Pedras,0
60778,412.09,2025-03-03 14:57:10,Farmacia,cartao_debito,Peixoto,0
32579,4788.91,2025-03-15 18:09:18,Farmacia,cartao_credito,Araújo,0
47363,597.0,2025-03-11 18:34:36,Eletrônicos,boleto,Barbosa,0
67720,1611.81,2025-03-15 18:42:12,Supermercado,cartao_debito,Costa,0
66909,2217.16,2025-02-26 10:39:02,PetShop,paypal,das Neves,0
65515,1289.07,2025-02-28 13:36:49,Eletrônicos,bitcoin,Garcia,0
66170,1313.03,2025-03-15 04:26:27,Restaurante,bitcoin,Moreira,0
38508,1470.42,2025-03-08 21:39:08,Farmacia,pix,Vieira,1
99058,4659.15,2025-03-21 02:38:32,Farmacia,cartao_credito,da Rocha,0
62107,164.27,2025-03-16 05:21:42,PetShop,boleto,Jesus,1
76027,2035.82,2025-03-07 03:30:17,Compra Online,boleto,Novais Verde,0
17431,1007.35,2025-03-09 02:08:13,Compra Online,cartao_debito,da Rocha,0
33319,3508.01,2025-03-15 00:45:42,Farmacia,paypal,Duarte,0
57179,4799.18,2025-03-15 05:27:33,Viagem,bitcoin,Vieira,1
73093,217.96,2025-03-04 01:16:24,Viagem,cartao_credito,da Cruz,0
45333,3332.38,2025-03-17 23:25:56,Farmacia,cartao_credito,da Mata de Jesus,0
21066,2219.29,2025-03-15 04:29:50,Viagem,cartao_debito,Sampaio,0
80903,2786.23,2025-02-28 01:58:28,Farmacia,cartao_credito,Cirino de Araújo,0
43609,3118.91,2025-02-24 10:14:17,Compra Online,cartao_debito,Azevedo do Oeste,0
60647,3778.82,2025-02-26 11:31:06,Compra Online,paypal,da Mota das Flores,0
98029,2392.48,2025-03-18 19:22:31,Compra Online,cartao_debito,da Mata,0
64105,2800.87,2025-03-20 02:52:47,Farmacia,pix,Pimenta Paulista,1
80605,3955.4,2025-03-11 09:29:30,PetShop,boleto,Sampaio,0
29950,2725.13,2025-03-12 05:49:20,Eletrônicos,cartao_credito,Machado,0
69181,461.44,2025-02-24 09:31:33,PetShop,cartao_debito,Vieira de Duarte,0
21536,1133.09,2025-03-01 02:10:50,Restaurante,cartao_credito,Rios de Pastor,1
27306,753.62,2025-02-28 12:10:19,Farmacia,cartao_credito,Gomes do Oeste,0
80468,2223.92,2025-03-14 10:13:04,Eletrônicos,cartao_debito,Rezende,0
54077,3917.24,2025-03-09 19:47:18,Compra Online,cartao_credito,Pastor da Prata,1
35529,1593.05,2025-03-19 11:37:03,Viagem,cartao_credito,Souza,0
15814,4590.25,2025-03-03 14:26:33,Compra Online,bitcoin,Cunha,0
16762,2959.3,2025-03-22 07:41:46,Compra Online,cartao_credito,Teixeira Alegre,0
87013,3094.7,2025-03-05 16:01:08,Eletrônicos,cartao_debito,Nascimento,0
74841,4150.09,2025-03-18 02:30:24,Eletrônicos,paypal,Viana,0
40640,4662.4,2025-02-23 19:02:47,PetShop,cartao_debito,Porto,0
49305,3356.81,2025-03-19 10:39:09,PetShop,cartao_credito,Moraes de da Cunha,0
33134,4718.7,2025-03-08 01:18:08,Eletrônicos,cartao_debito,Alves Alegre,1
22922,300.11,2025-03-20 02:55:22,Farmacia,cartao_debito,Gomes das Flores,0
13626,4685.18,2025-02-24 09:25:20,Eletrônicos,cartao_debito,Albuquerque,0
47351,4818.92,2025-02-27 20:29:36,Eletrônicos,boleto,Viana,0
16299,183.05,2025-03-15 20:46:00,PetShop,boleto,da Rosa de Azevedo,1
68106,3746.03,2025-02-24 10:30:21,Farmacia,boleto,Azevedo,0
11533,2807.03,2025-03-22 10:01:19,Supermercado,boleto,Novais Paulista,0
27399,2423.33,2025-02-28 10:52:46,Viagem,boleto,Pires do Galho,0
36573,2001.94,2025-02-24 04:46:19,Compra Online,paypal,da Costa,0
37412,3177.61,2025-03-04 10:03:57,Compra Online,cartao_credito,da Rocha do Campo,1
96733,483.56,2025-03-22 09:22:50,Farmacia,pix,Vargas de Leão,1
37767,729.45,2025-03-02 15:02:21,Eletrônicos,boleto,Sampaio,0
22206,4951.3,2025-03-12 00:45:49,Compra Online,cartao_debito,Marques do Sul,0
75050,4567.88,2025-03-11 11:46:23,Farmacia,boleto,Porto,0
86395,3043.47,2025-03-13 15:16:05,Eletrônicos,cartao_debito,Aparecida,0
64769,4941.11,2025-03-10 07:20:56,Eletrônicos,boleto,Sá,1
63519,3104.63,2025-03-21 21:01:28,Compra Online,cartao_credito,da Paz das Flores,1
63065,4404.35,2025-02-25 02:38:45,PetShop,pix,Castro do Campo,1
18700,4605.44,2025-03-13 11:19:26,Compra Online,cartao_credito,Costa de Fonseca,1
47118,3185.62,2025-03-20 11:25:39,Restaurante,cartao_credito,Garcia da Prata,0
81257,4039.85,2025-02-22 20:03:59,Compra Online,cartao_debito,Ferreira da Mata,0
71836,549.81,2025-03-13 16:42:17,Eletrônicos,cartao_debito,Oliveira de Freitas,0
37095,4590.24,2025-02-21 00:50:52,Supermercado,cartao_debito,da Cruz de Rocha,0
17747,4244.42,2025-02-21 08:32:33,Viagem,bitcoin,da Cruz das Flores,1
77514,2892.93,2025-02-26 14:15:09,Restaurante,cartao_credito,Almeida,1
57393,3922.71,2025-03-20 12:51:09,Supermercado,cartao_credito,Cirino,0
19847,4778.31,2025-03-18 09:35:33,Viagem,bitcoin,Casa Grande,1
80347,3888.74,2025-03-08 11:48:25,Viagem,bitcoin,Abreu de da Conceição,1
68489,3582.3,2025-03-13 09:15:57,Farmacia,pix,da Costa das Pedras,1
73748,3633.93,2025-03-01 08:21:27,Compra Online,cartao_credito,Fernandes de Souza,1
12353,3712.77,2025-03-01 12:17:35,Eletrônicos,boleto,Peixoto,1
25513,1171.23,2025-03-02 16:46:43,Supermercado,boleto,Cassiano do Campo,0
64756,3662.32,2025-02-21 00:04:36,PetShop,cartao_debito,Rezende,0
87991,2628.33,2025-03-10 06:55:46,Viagem,cartao_credito,da Costa,0
80953,1542.46,2025-02-22 22:54:48,Restaurante,bitcoin,Sampaio da Mata,0
36782,3293.96,2025-02-27 08:42:34,Eletrônicos,boleto,Cardoso de Peixoto,1
83596,2365.2,2025-03-19 02:19:15,Farmacia,cartao_credito,Fernandes,1
23997,3830.97,2025-03-17 20:51:19,Viagem,cartao_debito,Gomes,0
63221,440.46,2025-02-27 19:24:24,PetShop,boleto,Cunha,1
83732,4379.32,2025-03-22 04:51:48,Farmacia,cartao_debito,Gomes,0
38996,311.37,2025-03-12 16:15:20,Compra Online,boleto,Gonçalves da Mata,0
48033,987.03,2025-03-20 03:30:46,Restaurante,cartao_credito,Azevedo,1
86490,80.88,2025-03-14 01:56:40,Viagem,cartao_credito,Garcia,0
44066,2771.11,2025-03-21 09:15:55,Supermercado,boleto,Sales do Sul,0
86621,1863.7,2025-03-17 13:24:54,PetShop,pix,Barros da Prata,1
18025,437.66,2025-02-27 12:33:28,Restaurante,cartao_credito,Viana de Macedo,0
87983,4429.18,2025-03-03 15:14:01,Farmacia,cartao_credito,Melo do Campo,0
68596,3448.18,2025-03-21 02:11:26,Supermercado,paypal,da Cruz,0
65594,1836.88,2025-03-04 23:54:26,Farmacia,pix,Cavalcanti,1
78149,269.26,2025-02-27 14:50:04,Eletrônicos,boleto,da Mata de Gomes,0
90961,3708.9,2025-02-22 14:35:17,Eletrônicos,boleto,Guerra,1
86015,187.16,2025-03-12 05:31:31,Supermercado,boleto,Lima do Amparo,0
65707,3568.24,2025-03-18 05:40:12,Viagem,boleto,Cardoso,0
70558,4460.39,2025-03-19 01:18:09,Eletrônicos,cartao_debito,Cassiano da Praia,0
54826,4631.98,2025-03-04 02:53:53,Eletrônicos,boleto,Moraes,1
48058,3274.17,2025-03-14 02:11:08,Eletrônicos,boleto,Pastor,0
30712,1646.81,2025-03-04 14:04:44,Viagem,cartao_credito,Santos do Campo,0
94492,1539.05,2025-02-28 21:08:31,Restaurante,cartao_credito,Azevedo,0
46782,3128.82,2025-03-08 17:14:35,Compra Online,paypal,da Paz,0
41910,2882.94,2025-03-06 19:57:23,Viagem,boleto,Câmara,0
26869,4315.88,2025-03-11 21:08:12,Compra Online,cartao_debito,da Rosa,0
29853,3552.93,2025-02-22 23:21:37,Compra Online,cartao_credito,Nascimento das Pedras,1
25553,4926.86,2025-03-15 06:36:54,Farmacia,paypal,Porto do Sul,0
26489,622.89,2025-03-08 08:08:34,Viagem,cartao_credito,Sá Paulista,0
74157,4143.26,2025-02-20 13:48:51,Supermercado,cartao_debito,da Mota,0
66471,2389.03,2025-03-06 23:30:39,Compra Online,cartao_debito,Pimenta das Flores,0
98883,4830.04,2025-03-13 13:54:41,Farmacia,pix,da Rocha de Pires,1
40571,2069.53,2025-03-05 05:36:43,Restaurante,cartao_debito,Melo de Alves,0
13278,4295.55,2025-03-11 07:31:41,Eletrônicos,boleto,Cavalcanti,0
99134,4780.11,2025-02-23 04:49:33,Viagem,bitcoin,Jesus Alegre,1
98278,4278.62,2025-03-14 13:16:41,Eletrônicos,cartao_debito,da Mota de Minas,0
27416,2758.38,2025-03-06 09:40:20,PetShop,pix,Porto,1
11400,334.53,2025-03-21 11:02:05,Eletrônicos,cartao_debito,Sá,1
24670,4983.39,2025-03-05 21:47:31,Eletrônicos,bitcoin,Campos Alegre,0
45126,397.29,2025-03-08 05:25:53,PetShop,boleto,Sá dos Dourados,1
51403,3320.83,2025-03-03 12:02:45,Farmacia,cartao_credito,Nogueira das Flores,0
27327,3261.21,2025-03-04 08:10:02,Compra Online,boleto,Pimenta de Teixeira,0
33031,2409.72,2025-03-01 04:28:19,Compra Online,cartao_debito,Ferreira do Amparo,0
62269,698.73,2025-03-19 08:02:07,Farmacia,paypal,Barros,0
90456,3286.23,2025-03-18 17:06:22,Eletrônicos,cartao_credito,Rezende,0
12589,2033.25,2025-02-20 14:27:06,Compra Online,cartao_credito,da Rocha do Galho,0
70579,4160.3,2025-03-10 08:05:28,Eletrônicos,boleto,Silva,1
74522,2388.19,2025-03-14 08:21:09,Eletrônicos,cartao_debito,Aragão de Nascimento,0
25128,3102.32,2025-03-12 14:07:32,Viagem,bitcoin,Casa Grande dos Dourados,0
25959,3426.77,2025-02-22 04:28:18,Eletrônicos,boleto,Silveira,0
78966,2617.77,2025-03-14 05:04:58,Eletrônicos,paypal,da Luz de Minas,0
38177,147.5,2025-02-21 02:34:31,Compra Online,paypal,Moraes do Oeste,0
89272,4723.3,2025-02-23 21:45:48,Eletrônicos,cartao_debito,Ribeiro,0
82820,1234.96,2025-03-12 14:45:31,Farmacia,cartao_debito,da Conceição,0
49880,3163.54,2025-03-01 18:22:00,Farmacia,pix,da Mata do Oeste,1
70581,3834.78,2025-03-07 06:56:33,Farmacia,cartao_credito,Rodrigues do Norte,0
59400,2328.42,2025-02-28 02:54:13,PetShop,pix,Moura de Goiás,1
76306,2476.47,2025-03-17 10:33:46,Restaurante,cartao_credito,Rezende,1
74325,2372.53,2025-03-14 00:10:59,Farmacia,pix,da Rosa,1
55560,1858.42,2025-03-07 03:55:05,Viagem,cartao_debito,Farias,0
12289,617.39,2025-02-28 21:57:16,PetShop,cartao_credito,Macedo,0
21955,4364.47,2025-03-16 23:55:37,Eletrônicos,bitcoin,Moraes,0
95648,3004.92,2025-03-11 13:50:15,Eletrônicos,cartao_debito,Cavalcante de Cunha,0
26095,3683.65,2025-03-14 03:09:29,Farmacia,pix,Marques,0
66887,3663.49,2025-03-10 05:11:50,Viagem,bitcoin,Pinto do Sul,1
25043,3752.09,2025-03-07 08:55:04,Farmacia,cartao_credito,Campos da Prata,1
85627,3677.19,2025-03-07 13:21:23,Viagem,cartao_credito,Pereira do Oeste,0
81255,3983.4,2025-03-16 10:03:49,Eletrônicos,boleto,da Luz,0
22656,1144.9,2025-03-19 18:54:29,PetShop,boleto,Sá de Andrade,0
65502,4187.94,2025-03-20 19:56:12,Supermercado,boleto,Sampaio Paulista,0
42133,2331.82,2025-02-22 06:56:06,Eletrônicos,boleto,Costela,0
25512,3389.96,2025-03-04 13:34:10,Eletrônicos,cartao_debito,Rezende dos Dourados,0
70646,4379.16,2025-03-18 16:11:00,Farmacia,paypal,Fonseca de Santos,0
44818,602.36,2025-03-12 23:52:55,Restaurante,cartao_debito,Casa Grande de Lima,0
60327,4663.87,2025-03-05 17:51:52,Supermercado,cartao_credito,Almeida,0
78669,306.05,2025-02-22 21:34:08,PetShop,boleto,Guerra de Goiás,1
31424,3516.53,2025-03-05 12:19:51,Eletrônicos,paypal,Sá,0
22009,1818.31,2025-03-11 07:59:52,Farmacia,cartao_credito,Teixeira,0
15464,4748.24,2025-03-02 22:32:27,Farmacia,cartao_credito,Duarte de Moreira,0
24666,3589.06,2025-03-13 09:19:22,Farmacia,cartao_debito,das Neves de Barbosa,0
65686,4320.22,2025-02-24 07:16:01,Farmacia,cartao_credito,Alves de Goiás,0
49900,1752.98,2025-03-08 00:22:04,Viagem,boleto,Viana de Mendonça,0
43803,1065.06,2025-02-27 17:37:09,Eletrônicos,cartao_debito,Campos,0
99268,2109.52,2025-03-12 02:08:19,Restaurante,cartao_credito,Jesus,1
95117,2228.7,2025-03-11 06:52:39,PetShop,pix,da Costa de Borges,1
53636,888.67,2025-03-11 10:50:53,Viagem,paypal,Garcia Alegre,0
39743,4456.44,2025-03-20 15:57:00,Farmacia,boleto,Rios de Costela,0
22815,3373.44,2025-03-01 06:21:14,Viagem,cartao_credito,Ribeiro do Galho,0
51916,2615.67,2025-03-17 03:39:27,Eletrônicos,bitcoin,Oliveira de Aparecida,0
33295,1489.51,2025-02-26 06:29:22,Eletrônicos,boleto,Cavalcante,0
96679,2033.0,2025-03-21 22:06:48,Eletrônicos,cartao_debito,Fernandes de Melo,1
55324,4612.92,2025-02-22 05:05:43,Viagem,bitcoin,Souza Grande,1
46015,1663.8,2025-03-08 08:15:04,PetShop,boleto,da Cunha,0
65990,4361.33,2025-03-02 20:50:49,Compra Online,cartao_credito,Campos do Sul,1
17652,2927.09,2025-03-11 14:23:29,Compra Online,cartao_credito,Azevedo,0
46733,3952.94,2025-03-02 08:04:27,Eletrônicos,cartao_credito,Monteiro de Silva,0
96666,957.95,2025-03-08 16:59:55,Restaurante,cartao_credito,Novais dos Dourados,1
18857,3817.63,2025-03-21 21:44:31,Restaurante,paypal,Albuquerque,0
41424,616.38,2025-02-27 18:30:13,PetShop,cartao_debito,Nascimento,0
41098,167.53,2025-03-21 15:27:57,Supermercado,boleto,Cavalcante,0
85436,3267.88,2025-02-25 01:13:07,Compra Online,cartao_credito,Caldeira do Galho,1
78621,1332.31,2025-03-15 20:31:32,Farmacia,cartao_debito,Sousa,0
45421,2184.0,2025-03-04 01:41:36,Restaurante,cartao_credito,Porto Grande,1
68121,1445.92,2025-02-28 02:12:32,Farmacia,boleto,Fonseca,0
43057,216.82,2025-02-23 21:18:25,PetShop,boleto,da Mota,1
20783,1284.78,2025-03-20 14:27:57,Eletrônicos,paypal,Câmara,0
31764,4699.86,2025-03-20 16:42:40,Eletrônicos,paypal,Cirino,0
47903,3612.96,2025-03-10 12:51:17,Compra Online,cartao_credito,Guerra do Sul,0
99358,631.79,2025-03-05 09:14:15,Viagem,cartao_credito,Lopes,0
16236,4004.72,2025-03-01 12:05:33,Compra Online,cartao_credito,Siqueira das Flores,1
70459,1027.39,2025-02-28 11:48:01,Farmacia,cartao_credito,Cavalcante de Lima,0
76420,977.9,2025-02-21 20:09:42,Eletrônicos,boleto,Porto da Serra,0
68271,623.29,2025-03-14 22:11:16,Supermercado,cartao_credito,Vargas,0
66627,3600.37,2025-02-23 09:05:20,Supermercado,bitcoin,Cavalcante,0
88363,4694.69,2025-03-19 07:47:30,Farmacia,pix,Moura,1
24492,4412.18,2025-03-07 00:31:06,Restaurante,boleto,Siqueira da Mata,0
42306,1211.04,2025-03-20 04:30:13,Farmacia,pix,Leão da Mata,1
86504,2670.76,2025-03-17 04:56:21,Farmacia,paypal,da Luz,0
33278,2002.74,2025-03-17 20:36:45,Compra Online,paypal,Santos,0
32428,261.51,2025-02-23 05:36:36,PetShop,boleto,Camargo Alegre,1
17562,2436.02,2025-03-03 03:04:52,PetShop,pix,Barbosa Paulista,1
82848,4166.48,2025-02-27 15:33:53,Supermercado,cartao_credito,Novaes,0
91498,1047.66,2025-02-26 07:25:00,PetShop,paypal,Borges,0
58130,2486.69,2025-02-28 05:16:02,Compra Online,cartao_credito,Barbosa,0
55852,4407.82,2025-03-05 11:54:22,Farmacia,pix,Barbosa de Borges,1
49360,2740.57,2025-02-27 23:28:53,Eletrônicos,cartao_debito,Gomes,0
83237,742.83,2025-03-16 19:32:31,Farmacia,cartao_debito,Albuquerque,0
65740,3766.57,2025-03-13 06:46:40,Eletrônicos,cartao_debito,Rios,0
34030,3882.39,2025-02-27 08:13:01,Farmacia,cartao_credito,Pires,1
12893,1695.9,2025-03-11 02:12:21,Restaurante,cartao_credito,Machado,1
81848,1868.04,2025-02-27 16:33:28,Viagem,boleto,Vasconcelos de Leão,0
14153,1990.71,2025-02-21 02:18:29,Supermercado,cartao_debito,Abreu,0
65307,3925.7,2025-03-20 16:22:09,Farmacia,boleto,Teixeira,0
35751,4660.44,2025-03-14 05:58:55,Viagem,paypal,Sampaio,0
72038,3703.01,2025-03-05 00:27:18,Farmacia,pix,da Cunha do Norte,1
11170,3412.15,2025-03-21 17:42:50,Farmacia,pix,Silveira de Melo,1
31512,2351.45,2025-03-11 15:38:44,Farmacia,cartao_credito,Fonseca,0
76228,1319.81,2025-03-20 19:55:11,Viagem,boleto,Pimenta Alegre,0
53891,4329.54,2025-03-06 08:14:54,Viagem,bitcoin,da Rosa das Flores,1
23292,2414.04,2025-02-28 06:08:53,Supermercado,cartao_debito,Costela de Pimenta,0
30354,4667.86,2025-03-11 09:45:24,Farmacia,cartao_credito,Rocha,1
40877,2151.97,2025-03-16 04:18:00,Farmacia,cartao_debito,Caldeira de Minas,0
31262,1753.97,2025-03-03 21:11:29,Farmacia,pix,Silveira de Goiás,1
31949,3430.41,2025-02-22 19:34:22,Supermercado,bitcoin,da Luz de Pastor,0
56140,1179.26,2025-02-22 18:07:06,Compra Online,cartao_debito,da Mata,0
88220,4152.83,2025-03-21 07:03:38,Compra Online,cartao_credito,Farias,1
61387,1860.67,2025-02-22 15:45:00,Farmacia,bitcoin,Gonçalves,0
99049,3428.41,2025-02-24 04:09:52,Eletrônicos,boleto,Peixoto,1
47110,4267.72,2025-03-07 21:17:07,Compra Online,cartao_credito,Dias de Goiás,1
95281,1358.0,2025-03-20 02:34:36,Compra Online,paypal,Cirino dos Dourados,0
82822,3916.47,2025-03-21 23:20:39,Eletrônicos,paypal,Costa do Oeste,0
89200,1501.02,2025-03-05 01:35:21,Farmacia,boleto,Sales,0
45919,2379.06,2025-03-18 08:42:41,Restaurante,cartao_credito,Pimenta de Santos,1
63062,776.06,2025-03-09 05:28:24,Eletrônicos,boleto,Fernandes do Sul,0
35002,1781.0,2025-03-05 19:18:11,Farmacia,cartao_credito,Barros de Macedo,1
53091,3644.26,2025-03-08 19:44:51,Viagem,bitcoin,Barbosa de Abreu,1
56446,2117.83,2025-02-24 06:16:13,Farmacia,pix,Garcia de Goiás,1
57419,3084.77,2025-03-02 00:21:36,Viagem,cartao_credito,Fernandes,0
36182,3864.52,2025-02-26 09:38:21,Compra Online,pix,Araújo de Albuquerque,0
22662,3518.04,2025-03-05 15:40:24,Compra Online,paypal,da Rosa,0
49337,4385.6,2025-02-28 04:57:02,Farmacia,pix,Cardoso de Rocha,1
21910,2283.24,2025-02-28 04:08:04,Compra Online,cartao_debito,Silva,0
19434,3184.51,2025-03-18 21:34:53,Farmacia,boleto,Teixeira,0
38353,1712.77,2025-03-15 00:01:13,Eletrônicos,cartao_credito,Lopes,0
63596,1049.88,2025-02-21 02:40:22,Compra Online,paypal,Fonseca,0
49907,2689.67,2025-03-11 16:01:57,Restaurante,cartao_credito,Guerra,1
87742,3007.16,2025-02-25 17:11:45,Compra Online,cartao_credito,Mendes,1
43021,4566.3,2025-03-18 11:36:11,Restaurante,cartao_credito,Lopes,0
65890,4533.55,2025-03-08 21:45:10,Compra Online,pix,Mendes,0
52628,281.76,2025-02-20 13:24:25,PetShop,boleto,Aparecida das Pedras,1
44374,3948.34,2025-03-17 15:36:21,Eletrônicos,cartao_debito,da Mota de Goiás,0
43849,2668.13,2025-02-24 16:36:36,Eletrônicos,cartao_debito,Carvalho,0
58710,878.98,2025-03-20 14:25:54,Farmacia,boleto,Porto de Minas,0
52243,4253.03,2025-03-03 08:48:18,Compra Online,cartao_credito,Santos Paulista,1
14632,2313.21,2025-02-22 17:52:52,Supermercado,cartao_debito,Fernandes,0
10839,3982.98,2025-02-28 07:16:51,Farmacia,boleto,da Cunha,0
34227,2845.59,2025-03-09 10:17:57,Restaurante,boleto,Dias Paulista,0
45984,2805.81,2025-02-20 21:57:48,Restaurante,cartao_credito,Almeida do Sul,1
54099,2377.65,2025-03-09 18:58:30,Restaurante,paypal,Ribeiro,0
79841,4946.51,2025-02-21 02:22:22,Viagem,cartao_credito,Moraes,0
95298,2979.09,2025-03-21 11:00:52,Compra Online,bitcoin,Câmara Verde,0
66347,241.76,2025-03-08 05:47:20,Viagem,cartao_credito,Vargas de Rodrigues,0
16708,1526.32,2025-02-22 23:25:50,Farmacia,cartao_debito,Pastor,0
24994,2631.13,2025-02-27 05:15:09,Compra Online,cartao_credito,Cardoso,0
65505,2880.1,2025-02-21 16:07:35,Farmacia,cartao_debito,Farias das Flores,0
63389,2437.56,2025-03-04 14:48:32,Eletrônicos,cartao_credito,Lima de Minas,0
28496,2517.75,2025-03-18 04:12:26,Eletrônicos,cartao_debito,Cardoso das Flores,1
36191,826.94,2025-03-17 08:06:11,Eletrônicos,boleto,Cavalcante,0
78395,3434.85,2025-03-14 06:20:36,Compra Online,paypal,Pimenta Paulista,0
15004,4430.19,2025-03-15 01:46:22,Restaurante,cartao_debito,da Cruz,0
53924,3092.06,2025-03-02 15:28:28,Compra Online,cartao_credito,Carvalho do Sul,1
99700,3193.15,2025-03-02 21:06:40,PetShop,pix,Rocha,1
94133,1749.66,2025-03-07 16:16:50,PetShop,cartao_debito,Gonçalves das Flores,0
82985,1072.55,2025-03-15 14:46:51,Farmacia,pix,da Costa dos Dourados,1
17463,593.25,2025-03-20 01:52:58,Restaurante,cartao_debito,Abreu,0
51763,4848.61,2025-02-26 01:41:32,Restaurante,cartao_debito,Peixoto,0
48845,3748.34,2025-03-04 18:06:19,Eletrônicos,boleto,Pires de Guerra,1
43114,3564.17,2025-03-08 01:40:06,Eletrônicos,boleto,da Cunha do Oeste,1
87253,4945.17,2025-03-10 19:18:37,Farmacia,cartao_credito,Teixeira,1
33971,412.67,2025-03-07 19:30:35,Compra Online,paypal,Moura,0
22367,1163.31,2025-03-20 09:21:41,Viagem,cartao_debito,Gomes da Praia,0
80606,3627.32,2025-03-16 08:03:58,Compra Online,cartao_credito,Câmara,1
13692,4902.35,2025-03-21 13:48:59,Farmacia,pix,Rodrigues,1
96014,1967.0,2025-03-05 07:16:24,Farmacia,cartao_credito,Sales,0
82503,1300.05,2025-02-28 23:48:40,Compra Online,cartao_credito,Mendonça de Vasconcelos,0
12268,506.24,2025-03-08 14:22:59,Eletrônicos,boleto,Araújo de Minas,0
42938,19.22,2025-03-13 08:20:39,Farmacia,cartao_debito,Melo do Galho,0
28418,367.32,2025-03-17 19:59:40,PetShop,boleto,Duarte,1
31050,4971.34,2025-02-27 11:14:21,Supermercado,cartao_credito,Dias,0
90622,4323.21,2025-03-20 00:21:16,Eletrônicos,paypal,da Conceição Grande,0
63057,3727.99,2025-03-07 22:56:36,Restaurante,cartao_debito,da Cruz de da Rocha,0
70868,2168.55,2025-02-21 21:58:56,Eletrônicos,cartao_debito,Azevedo,0
56025,174.37,2025-03-13 02:28:29,Farmacia,cartao_credito,Silva,1
51113,4914.48,2025-03-21 12:22:54,Eletrônicos,cartao_credito,Moreira de Vieira,0
31878,3378.93,2025-03-12 11:47:14,Eletrônicos,pix,Câmara,0
24564,4613.71,2025-03-19 12:54:26,PetShop,boleto,Fonseca de Gonçalves,0
82037,1504.86,2025-03-04 19:09:21,Compra Online,cartao_credito,Silva,0
25532,3160.53,2025-02-27 01:49:52,Farmacia,cartao_credito,Aragão,0
52849,202.33,2025-03-05 07:56:19,PetShop,boleto,Nascimento de Goiás,1
92409,3765.63,2025-03-20 10:47:11,Supermercado,boleto,Aragão do Oeste,0
91708,4436.16,2025-03-17 05:41:14,Farmacia,pix,Melo do Norte,0
70978,4197.5,2025-03-03 18:26:05,Compra Online,boleto,da Paz do Amparo,0
79285,217.43,2025-03-04 13:05:57,PetShop,boleto,Cunha de Novaes,1
89537,4563.28,2025-03-14 02:56:34,Supermercado,paypal,Vargas,0
15115,1329.51,2025-02-24 05:19:31,Restaurante,cartao_credito,Farias das Flores,0
64677,3927.73,2025-02-28 08:42:57,Eletrônicos,paypal,Cunha dos Dourados,0
79134,4625.94,2025-03-19 03:45:21,Restaurante,boleto,Dias das Pedras,0
26712,2072.56,2025-03-10 15:42:45,Farmacia,cartao_credito,Abreu,1
76785,647.98,2025-03-01 14:15:37,Farmacia,boleto,Rocha,0
55613,1415.65,2025-03-05 09:08:01,Restaurante,cartao_credito,Pimenta do Oeste,1
51776,2724.77,2025-02-22 20:51:23,Eletrônicos,cartao_credito,Brito,0
27871,4764.28,2025-03-14 03:21:34,Viagem,paypal,da Conceição,0
92898,3192.59,2025-03-08 12:05:25,Compra Online,bitcoin,Melo das Pedras,0
41590,4727.89,2025-03-12 03:11:37,Compra Online,cartao_debito,Peixoto do Sul,0
81316,4846.59,2025-03-14 03:50:03,Compra Online,cartao_credito,Marques,1
60421,4258.34,2025-03-18 08:15:48,Compra Online,cartao_credito,Cirino,1
68418,599.02,2025-03-06 05:44:49,Farmacia,boleto,Aragão de Porto,0
11327,3643.46,2025-02-21 19:57:14,Eletrônicos,cartao_credito,Abreu das Flores,0
23784,3909.96,2025-03-07 05:41:55,Supermercado,bitcoin,Jesus,0
48017,4933.53,2025-02-23 04:23:06,PetShop,paypal,Cavalcante,0
69042,2199.84,2025-03-15 19:21:44,Viagem,cartao_debito,Pimenta do Campo,0
76520,4639.63,2025-02-24 07:30:48,Compra Online,cartao_credito,Monteiro do Amparo,1
39104,3861.58,2025-02-21 09:45:12,Eletrônicos,boleto,Fogaça,0
22052,54.08,2025-03-20 09:51:02,Farmacia,pix,Silveira de Machado,1
43130,4150.7,2025-02-25 16:55:20,Farmacia,pix,Almeida,1
85875,92.76,2025-03-01 00:47:57,PetShop,boleto,Souza,1
95193,4712.09,2025-03-11 07:18:28,Viagem,bitcoin,Pimenta Grande,1
23560,1010.58,2025-03-15 04:23:37,Viagem,boleto,Martins de Silveira,0
89050,3620.34,2025-03-19 15:26:47,PetShop,pix,Câmara,1
98882,399.06,2025-02-27 14:56:56,PetShop,boleto,Marques,1
30018,2190.32,2025-03-01 21:45:59,Farmacia,cartao_credito,Borges,1
40073,2700.26,2025-03-11 04:22:51,Eletrônicos,cartao_credito,Aparecida da Prata,0
46585,585.59,2025-03-05 19:56:22,Eletrônicos,bitcoin,Guerra,0
68553,2291.83,2025-03-19 07:06:35,Restaurante,cartao_credito,Nascimento,1
62499,1506.71,2025-03-11 06:21:41,Compra Online,cartao_credito,da Cunha,0
52623,360.08,2025-03-07 00:49:23,Eletrônicos,cartao_debito,Porto do Campo,1
60365,476.77,2025-03-11 07:20:07,Compra Online,cartao_credito,Gonçalves,0
75791,4490.41,2025-03-02 18:56:56,PetShop,pix,Barbosa,1
20052,4415.65,2025-03-04 14:19:01,Compra Online,boleto,Pacheco da Mata,0
81031,1683.83,2025-03-19 15:51:15,Eletrônicos,paypal,da Rosa do Norte,0
99161,4710.2,2025-03-12 19:08:54,Farmacia,cartao_debito,Rodrigues Grande,0
85399,292.71,2025-03-07 00:29:56,PetShop,boleto,Aparecida,1
57128,3679.84,2025-02-26 23:02:58,Compra Online,paypal,Machado,0
44042,4990.39,2025-03-09 18:29:51,Farmacia,cartao_debito,Cassiano,0
36489,3658.56,2025-02-21 05:10:57,Eletrônicos,boleto,Pacheco,0
39124,1924.99,2025-03-09 18:21:36,Viagem,cartao_credito,Jesus,0
14968,3652.65,2025-02-21 18:02:51,Viagem,bitcoin,Vargas dos Dourados,1
49174,354.01,2025-03-03 11:26:05,Compra Online,cartao_credito,Fogaça,0
62324,4760.72,2025-03-19 06:33:52,Compra Online,cartao_credito,da Paz,1
20311,2767.44,2025-02-27 02:22:07,Eletrônicos,cartao_debito,Viana,0
85204,3908.74,2025-03-08 01:23:05,Eletrônicos,cartao_credito,da Mata,0
21033,4833.61,2025-03-11 09:02:48,Restaurante,boleto,Correia dos Dourados,0
44137,2967.11,2025-02-28 07:43:46,Compra Online,pix,Fonseca de Brito,0
16171,3953.08,2025-03-09 16:32:19,Restaurante,bitcoin,Azevedo de Mendonça,0
28052,1844.46,2025-03-03 19:23:30,Farmacia,boleto,Machado,0
96447,3844.51,2025-02-25 06:32:04,Compra Online,cartao_credito,Rocha,1
28122,306.42,2025-03-01 10:52:53,PetShop,boleto,Martins de Moura,1
46490,1162.7,2025-03-16 23:52:17,Compra Online,cartao_debito,Ferreira,0
65763,2321.66,2025-03-05 15:56:11,PetShop,paypal,Azevedo,0
60748,267.45,2025-03-20 06:12:42,Viagem,paypal,Mendes,0
73949,1901.11,2025-02-21 19:16:54,Compra Online,cartao_credito,Brito das Flores,0
31098,3291.71,2025-02-27 12:21:28,Viagem,bitcoin,Ramos do Galho,0
71479,4417.67,2025-02-21 06:23:05,Compra Online,cartao_credito,Silveira,1
93403,1682.99,2025-02-26 10:35:20,Restaurante,cartao_credito,Marques,1
43774,4559.13,2025-03-15 02:10:33,Eletrônicos,boleto,Campos das Pedras,0
26949,1720.78,2025-03-15 14:40:32,Compra Online,cartao_debito,Silveira,0
50961,2807.11,2025-03-17 11:03:51,Farmacia,pix,Azevedo de Goiás,0
49161,1467.0,2025-02-22 16:33:39,PetShop,paypal,Macedo dos Dourados,0
60399,4530.53,2025-03-10 07:33:08,Eletrônicos,cartao_credito,Vasconcelos,0
25238,4394.18,2025-02-21 23:49:21,Farmacia,cartao_credito,da Cruz Paulista,0
34989,788.99,2025-03-16 01:01:19,Eletrônicos,boleto,Casa Grande,0
95894,3843.68,2025-02-27 03:15:02,Compra Online,cartao_credito,Campos da Praia,1
62605,2748.54,2025-03-14 17:28:16,Restaurante,boleto,Moura de da Costa,0
76079,2019.12,2025-03-18 13:27:41,Supermercado,cartao_debito,Alves de Rezende,0
78701,3648.6,2025-03-03 07:26:27,Compra Online,boleto,Silva da Praia,0
15702,4944.87,2025-02-23 00:07:23,Viagem,bitcoin,Moraes,1
27187,354.41,2025-03-03 05:02:43,PetShop,boleto,Gonçalves de Minas,1
39459,2877.16,2025-03-14 20:14:53,Eletrônicos,cartao_credito,da Paz da Prata,0
47203,4509.55,2025-02-26 22:58:22,Viagem,boleto,Garcia,0
20778,3171.47,2025-02-25 01:30:41,Farmacia,paypal,Cirino,0
28930,111.58,2025-03-12 13:09:57,Viagem,cartao_credito,Santos da Praia,0
88496,2080.81,2025-02-24 08:09:43,Viagem,cartao_debito,da Luz,0
35102,988.19,2025-03-05 13:00:21,Supermercado,paypal,Marques,0
43372,2872.41,2025-03-08 17:29:40,Restaurante,paypal,Mendonça,0
40091,4378.09,2025-03-09 01:23:45,Viagem,cartao_debito,Siqueira de Macedo,0
27993,3024.57,2025-03-15 14:52:13,Compra Online,cartao_credito,Almeida,1
17474,4260.29,2025-03-06 20:52:29,Compra Online,cartao_credito,Sousa de Minas,1
39689,775.82,2025-03-20 09:17:34,Viagem,boleto,Camargo de Goiás,0
65466,4930.84,2025-03-16 01:53:32,Farmacia,cartao_debito,Souza de Minas,0
11869,1379.51,2025-03-01 10:30:32,Viagem,paypal,Ferreira do Galho,0
93608,445.15,2025-02-23 11:20:42,Farmacia,pix,Souza,1
87371,879.99,2025-03-08 02:45:03,Compra Online,cartao_debito,Teixeira,0
91123,1881.17,2025-02-20 16:41:13,Eletrônicos,paypal,da Conceição,0
86834,4948.44,2025-03-01 00:22:48,Eletrônicos,paypal,Cassiano,0
51266,3327.69,2025-02-24 16:18:15,Eletrônicos,boleto,Vieira da Serra,1
93247,4008.42,2025-03-14 04:43:54,Eletrônicos,boleto,Nunes,0
73267,4160.3,2025-03-16 04:40:22,Eletrônicos,boleto,Duarte,0
53370,848.3,2025-03-04 08:13:10,Eletrônicos,cartao_credito,Cardoso,0
95889,3127.78,2025-03-21 22:25:05,Eletrônicos,boleto,da Rosa,1
35404,3498.1,2025-03-22 08:06:45,Viagem,bitcoin,Albuquerque do Oeste,0
45441,3896.29,2025-03-04 11:31:47,Compra Online,boleto,da Luz do Sul,0
62751,248.39,2025-02-23 10:43:46,PetShop,boleto,Melo,0
19910,2910.01,2025-03-13 04:16:24,Farmacia,pix,da Cunha,1
74678,2259.36,2025-03-02 22:24:31,Restaurante,cartao_credito,Rios de Nogueira,1
75887,1336.41,2025-03-03 06:33:46,Farmacia,pix,Carvalho do Amparo,1
77710,3754.63,2025-03-08 22:37:37,Farmacia,cartao_debito,Moraes,0
97628,2997.46,2025-03-20 11:56:11,Compra Online,cartao_credito,Costa de Cirino,0
70209,1101.11,2025-02-23 04:42:59,Supermercado,cartao_debito,Camargo,0
88779,3629.82,2025-03-04 01:39:57,Eletrônicos,cartao_debito,Nascimento dos Dourados,1
49087,982.38,2025-03-08 05:45:31,Farmacia,cartao_debito,Silveira das Pedras,0
38660,3319.02,2025-02-25 14:22:13,PetShop,pix,Pastor da Praia,1
27649,454.48,2025-03-07 18:56:03,Eletrônicos,cartao_debito,Cirino Verde,1
35756,488.09,2025-03-16 14:36:23,Farmacia,pix,Cunha,1
67034,3874.8,2025-02-27 09:31:21,Compra Online,boleto,Rocha,0
90819,3594.43,2025-03-03 13:05:20,Farmacia,cartao_credito,Almeida da Praia,0
90276,4859.62,2025-02-28 01:11:25,Compra Online,cartao_credito,das Neves do Sul,1
91091,439.2,2025-03-01 16:44:58,Restaurante,cartao_debito,Cirino,0
94182,511.76,2025-03-07 11:46:45,Compra Online,cartao_credito,Aparecida,0
45367,1894.13,2025-03-19 17:22:55,Compra Online,cartao_credito,Silva da Serra,0
13298,2119.28,2025-03-18 13:13:41,Farmacia,pix,Macedo,1
12627,4985.29,2025-03-19 02:07:35,Restaurante,cartao_credito,Souza,0
18083,999.4,2025-03-20 07:30:14,Farmacia,boleto,da Costa,0
46740,4279.91,2025-02-23 19:49:21,Eletrônicos,cartao_debito,da Cunha do Oeste,1
56788,2926.83,2025-02-22 18:16:53,Restaurante,cartao_debito,Pastor da Serra,0
79916,2811.34,2025-03-12 06:02:30,PetShop,pix,Azevedo,1
54026,152.6,2025-03-13 15:46:16,PetShop,boleto,Alves Paulista,1
73398,4659.69,2025-03-07 20:08:12,Compra Online,cartao_credito,Martins,1
35285,4231.87,2025-02-28 15:55:43,Supermercado,cartao_credito,da Cruz de Viana,0
22074,1399.85,2025-03-13 14:20:02,Viagem,paypal,Correia de Camargo,0
60260,1470.85,2025-02-25 07:36:41,Compra Online,cartao_debito,Silveira,0
57268,2498.43,2025-03-03 01:59:24,Farmacia,cartao_debito,Castro,0
33566,4514.24,2025-02-24 08:24:19,Viagem,bitcoin,Moura do Amparo,1
90422,880.46,2025-02-28 15:29:52,Farmacia,cartao_debito,Sampaio,0
52117,269.26,2025-03-08 18:15:36,Farmacia,cartao_credito,Alves do Sul,1
89441,2353.58,2025-02-27 14:18:20,Eletrônicos,cartao_credito,Sampaio,0
66873,4124.29,2025-03-16 19:46:32,Eletrônicos,boleto,Brito Alegre,1
19559,488.65,2025-03-05 20:28:33,Eletrônicos,pix,Cardoso do Oeste,0
50812,1858.42,2025-02-28 04:36:21,Eletrônicos,cartao_debito,Câmara,0
15339,2405.6,2025-03-08 19:02:11,Farmacia,cartao_credito,Teixeira das Flores,0
32578,124.76,2025-03-14 01:53:16,PetShop,boleto,da Mota do Amparo,1
10893,1645.6,2025-02-25 13:08:12,Supermercado,cartao_debito,Pinto de Pimenta,0
80746,192.75,2025-03-19 20:26:57,Compra Online,cartao_credito,Monteiro,0
25536,1076.03,2025-02-27 19:37:21,Farmacia,pix,Alves,1
68262,3091.46,2025-03-14 04:18:55,Farmacia,cartao_credito,Cavalcante da Praia,0
83538,704.22,2025-03-18 16:26:26,Compra Online,boleto,Silveira Paulista,0
11427,1354.82,2025-03-12 04:57:43,Compra Online,cartao_credito,Aparecida de Goiás,0
73945,3596.61,2025-03-09 14:45:55,Supermercado,cartao_debito,Monteiro,0
94979,2406.02,2025-03-04 09:20:58,Farmacia,cartao_credito,Duarte de Minas,1
63465,2544.53,2025-02-22 22:06:41,Farmacia,cartao_credito,Pires,1
80493,4596.9,2025-03-09 18:27:00,Farmacia,pix,Barbosa,1
67207,470.66,2025-03-08 06:12:22,Compra Online,paypal,Nogueira do Campo,0
58683,2278.71,2025-02-23 05:42:17,Eletrônicos,cartao_credito,Guerra,0
23488,4417.85,2025-02-25 10:05:49,Farmacia,cartao_credito,Borges,1
33996,1524.96,2025-03-05 04:13:41,Farmacia,cartao_credito,Viana,1
71953,1535.77,2025-02-20 14:36:46,Farmacia,boleto,Cavalcante da Prata,0
55629,1696.13,2025-02-23 12:23:51,Viagem,cartao_debito,da Cunha do Oeste,0
11529,4768.02,2025-03-14 08:45:58,Farmacia,paypal,Pacheco,0
47223,1643.39,2025-03-20 14:23:12,Eletrônicos,cartao_credito,Andrade das Pedras,0
22147,3082.93,2025-03-09 16:15:47,Eletrônicos,boleto,Silva,1
31358,1693.04,2025-02-21 11:10:24,Eletrônicos,cartao_debito,Peixoto,0
21826,4677.56,2025-02-21 02:16:19,Eletrônicos,cartao_debito,Lima,1
32419,2572.53,2025-02-24 10:26:56,Viagem,cartao_credito,Marques das Flores,0
12675,966.23,2025-03-18 13:19:24,Eletrônicos,cartao_debito,Ferreira,0
94973,4217.74,2025-02-26 11:19:23,Eletrônicos,cartao_debito,Moreira do Norte,1
11596,4839.4,2025-03-14 07:51:36,Viagem,boleto,da Conceição do Galho,0
62419,543.03,2025-03-14 15:32:01,Compra Online,boleto,Cunha dos Dourados,0
75526,2617.32,2025-02-27 23:06:27,Eletrônicos,cartao_debito,Sá do Norte,0
83550,2384.98,2025-03-20 13:03:42,Eletrônicos,cartao_debito,Machado Grande,1
97626,4994.5,2025-03-08 03:53:18,Compra Online,cartao_credito,Rocha Verde,1
64468,1567.71,2025-02-25 13:02:26,Eletrônicos,boleto,Pinto,0
26993,1452.18,2025-02-27 09:50:55,Eletrônicos,cartao_debito,Oliveira,1
23631,437.24,2025-03-20 01:02:42,PetShop,boleto,Cavalcante,1
53287,3910.93,2025-03-01 01:14:27,Supermercado,cartao_credito,Pacheco,0
53717,1957.29,2025-03-07 16:49:08,Farmacia,cartao_credito,Nogueira de Vieira,1
19270,1629.4,2025-02-22 06:46:09,Compra Online,cartao_debito,Costa,0
89072,3902.26,2025-03-05 10:43:09,Eletrônicos,pix,Vasconcelos,0
68182,2037.8,2025-03-10 07:17:49,PetShop,cartao_credito,Ferreira das Flores,0
80567,1023.49,2025-02-26 04:35:59,Eletrônicos,cartao_debito,Cavalcanti de Fernandes,1
94434,35.88,2025-03-08 03:11:59,Viagem,cartao_credito,Camargo,0
45728,4142.6,2025-02-25 19:24:00,Restaurante,bitcoin,Pires de Vargas,0
68836,3339.32,2025-03-16 03:19:44,Supermercado,cartao_credito,Correia de da Cruz,0
87651,816.52,2025-02-23 20:54:42,Eletrônicos,boleto,Cunha,0
68141,3838.3,2025-03-16 19:18:24,Farmacia,pix,Souza,1
56493,1690.55,2025-03-05 20:02:58,Farmacia,cartao_credito,Monteiro,0
91057,2984.55,2025-03-13 17:05:40,Eletrônicos,cartao_debito,Rezende,1
52280,4373.04,2025-03-09 20:06:49,Compra Online,boleto,Porto,0
80494,3852.26,2025-03-16 14:55:45,Farmacia,boleto,Nogueira,0
35789,2966.68,2025-03-08 08:48:54,Restaurante,cartao_credito,da Conceição,1
25767,1161.27,2025-03-13 08:23:41,Restaurante,paypal,Casa Grande Grande,0
86512,2411.62,2025-03-19 13:26:41,Farmacia,paypal,da Cunha,0
40597,3550.17,2025-03-16 15:23:10,Viagem,bitcoin,Pires,1
34394,1747.01,2025-02-28 01:41:16,Farmacia,cartao_credito,Correia,0
78314,3963.71,2025-03-15 13:03:21,Farmacia,boleto,Rocha das Flores,0
86588,4189.56,2025-03-11 10:21:11,Farmacia,cartao_debito,Nunes,0
78343,380.44,2025-02-24 20:37:49,PetShop,boleto,Mendes,1
62590,1290.29,2025-03-04 10:09:43,Compra Online,bitcoin,Cirino das Pedras,0
71330,4141.89,2025-02-21 04:13:18,Eletrônicos,cartao_debito,Sousa,0
59630,3123.21,2025-03-02 18:28:54,Farmacia,pix,Sampaio,1
56668,1493.97,2025-03-19 15:06:19,Eletrônicos,cartao_debito,da Cunha Grande,0
33621,2737.48,2025-03-15 15:40:07,PetShop,pix,Teixeira,1
39489,3282.78,2025-02-25 05:49:11,Viagem,cartao_credito,Lopes,0
37235,1457.66,2025-03-07 22:16:51,Compra Online,cartao_debito,Fonseca,0
40146,1248.07,2025-02-27 15:16:56,Viagem,paypal,Aparecida Alegre,0
48996,4016.74,2025-03-15 08:17:14,Viagem,bitcoin,da Mota,1
75559,3346.93,2025-02-23 12:12:31,Farmacia,boleto,Pinto Alegre,0
51757,2299.88,2025-03-16 15:23:10,Farmacia,cartao_credito,Barbosa do Norte,0
93052,1679.47,2025-02-22 14:03:01,Eletrônicos,bitcoin,Andrade da Mata,0
36061,4150.32,2025-03-11 16:50:25,Eletrônicos,cartao_credito,Moura,0
61422,2988.34,2025-03-06 15:51:38,Restaurante,cartao_credito,Mendes Alegre,1
20030,2998.88,2025-03-15 16:13:27,Restaurante,cartao_credito,Rocha de Vieira,0
15858,1004.27,2025-03-05 13:31:12,Eletrônicos,cartao_debito,Rodrigues da Praia,1
93231,1173.79,2025-03-06 12:00:08,Eletrônicos,bitcoin,Rezende,0
43753,3822.78,2025-02-23 21:05:22,Viagem,bitcoin,Sampaio,1
19637,2323.04,2025-03-19 14:18:37,Supermercado,cartao_debito,Peixoto das Pedras,0
41245,4561.72,2025-02-25 18:09:35,Viagem,bitcoin,Gomes de da Rocha,1
84820,4741.0,2025-03-13 21:14:29,Farmacia,bitcoin,Costa,0
70362,4157.81,2025-03-06 04:23:14,Restaurante,cartao_credito,Correia de Moura,0
77031,4691.54,2025-03-09 17:28:38,Eletrônicos,bitcoin,Melo da Serra,0
83529,1952.72,2025-03-09 21:33:30,Viagem,cartao_debito,Alves Alegre,0
49873,2899.79,2025-03-10 06:38:14,Eletrônicos,cartao_credito,Almeida do Campo,0
21128,2315.58,2025-02-21 11:15:37,Eletrônicos,cartao_debito,Borges das Flores,1
73791,256.67,2025-03-19 21:02:37,PetShop,boleto,Rios,1
57103,4365.68,2025-03-19 22:18:06,Compra Online,cartao_credito,Mendonça,1
60303,4378.37,2025-03-15 14:32:18,Farmacia,cartao_debito,Ribeiro,0
96858,3065.16,2025-03-16 11:13:07,Compra Online,boleto,Castro de Ramos,0
60411,3890.31,2025-03-16 05:02:51,Compra Online,cartao_credito,Cassiano das Flores,1
72197,3714.44,2025-02-28 21:42:32,Farmacia,pix,Fogaça,1
72558,766.58,2025-03-03 20:23:32,Supermercado,boleto,Gomes,0
94233,531.55,2025-02-26 00:24:55,Restaurante,bitcoin,Novaes de da Costa,0
59120,498.28,2025-03-09 18:45:03,Farmacia,cartao_credito,Pimenta,0
80278,279.18,2025-03-04 01:38:48,Eletrônicos,boleto,Mendonça de Peixoto,0
38571,4132.92,2025-03-09 11:08:41,PetShop,cartao_debito,Cirino de Goiás,0
82506,206.13,2025-02-21 05:46:46,Farmacia,boleto,Silva do Oeste,0
34595,2899.22,2025-03-22 04:28:06,Eletrônicos,cartao_debito,Viana de Minas,0
82427,1480.61,2025-02-20 22:21:50,Supermercado,boleto,Dias,0
84727,4622.38,2025-03-06 09:24:37,Compra Online,cartao_credito,Montenegro,1
51743,3817.14,2025-03-11 10:57:59,Eletrônicos,paypal,Ribeiro da Serra,0
37531,4741.06,2025-03-12 07:10:44,Viagem,bitcoin,Costa,1
20984,3570.4,2025-03-18 04:53:57,Farmacia,paypal,Montenegro,0
46450,4494.61,2025-03-12 04:07:45,PetShop,cartao_credito,Costela Alegre,0
69446,3544.0,2025-03-06 16:31:25,Compra Online,cartao_debito,da Rosa de Leão,0
89849,4991.58,2025-03-04 13:50:51,Farmacia,pix,Andrade,1
56748,3816.0,2025-03-21 05:55:44,Supermercado,cartao_debito,da Cruz,0
15682,298.94,2025-03-08 10:36:53,PetShop,boleto,Ramos,1
48685,593.19,2025-03-17 10:50:17,Viagem,cartao_credito,Novais Alegre,0
43730,509.23,2025-03-21 02:44:15,Restaurante,cartao_credito,Ferreira do Norte,0
82621,3305.7,2025-03-16 04:57:32,Eletrônicos,cartao_credito,Farias do Campo,0
17551,1250.11,2025-02-28 05:49:26,Compra Online,cartao_debito,da Conceição,0
16085,114.78,2025-03-03 07:15:54,PetShop,boleto,Borges do Campo,1
23977,4474.76,2025-02-25 18:57:25,Eletrônicos,cartao_debito,Alves das Flores,0
52972,3163.31,2025-03-17 11:55:26,Farmacia,cartao_credito,Cirino,1
46369,1778.21,2025-03-06 17:12:07,Farmacia,bitcoin,Sampaio,0
87887,3038.4,2025-03-08 06:48:36,Eletrônicos,paypal,Teixeira,0
11699,2107.79,2025-02-28 01:33:13,Compra Online,paypal,Peixoto de Minas,0
85739,4496.96,2025-03-06 12:28:49,Restaurante,cartao_debito,Souza,0
85891,687.79,2025-02-28 19:10:19,Eletrônicos,paypal,Ramos de Abreu,0
57760,4688.69,2025-03-13 08:49:53,Viagem,bitcoin,da Paz,0
90042,3155.39,2025-03-05 04:16:28,Restaurante,cartao_credito,Sousa,0
75190,3454.64,2025-03-16 22:38:37,Farmacia,cartao_credito,Caldeira de Minas,0
85237,2797.68,2025-03-16 06:07:29,Farmacia,cartao_credito,Vasconcelos,1
17846,1858.59,2025-03-05 20:03:31,Farmacia,pix,da Luz de Guerra,1
34305,3946.81,2025-03-02 01:03:51,Farmacia,bitcoin,Ferreira,0
92524,1524.62,2025-03-14 17:38:40,Eletrônicos,cartao_credito,da Mota do Campo,0
86936,2818.57,2025-02-26 00:57:45,Eletrônicos,bitcoin,Abreu,0
45829,4835.54,2025-03-21 06:57:10,Farmacia,boleto,Ramos do Norte,0
88133,3698.81,2025-03-21 07:41:31,PetShop,boleto,Duarte do Campo,0
32043,4764.14,2025-03-03 15:38:07,Farmacia,pix,Correia de Melo,1
13832,727.89,2025-02-21 21:11:43,Farmacia,paypal,Marques,0
73331,4068.56,2025-03-01 09:29:06,Eletrônicos,boleto,Pastor,1
33171,2706.62,2025-03-19 18:41:51,Farmacia,pix,Santos de Freitas,1
89785,1549.65,2025-03-16 03:15:08,Viagem,cartao_debito,Alves,0
85461,3751.48,2025-03-06 19:44:46,Farmacia,pix,Marques,1
85427,477.47,2025-03-06 09:32:48,PetShop,boleto,Marques,1
38451,4184.89,2025-02-23 11:13:43,Eletrônicos,cartao_debito,Souza,1
27777,3470.08,2025-03-21 22:07:21,Compra Online,cartao_credito,Pereira,1
77708,2141.52,2025-03-01 03:37:14,Farmacia,cartao_debito,Viana do Sul,0
35275,1991.32,2025-02-25 14:43:44,Eletrônicos,bitcoin,Silveira de Nunes,0
78531,2043.75,2025-02-25 02:29:53,Farmacia,cartao_debito,Rodrigues,0
57994,1176.0,2025-02-26 23:10:00,Farmacia,cartao_credito,Ramos,0
82301,3204.33,2025-03-14 01:18:41,Farmacia,cartao_debito,Câmara,0
80921,4929.18,2025-03-20 03:09:01,Eletrônicos,cartao_debito,Moraes,0
54331,3389.8,2025-03-16 02:10:00,Viagem,cartao_debito,Melo,0
54165,172.5,2025-03-01 13:05:20,PetShop,boleto,Mendes de Rodrigues,1
17100,3079.03,2025-02-25 18:33:19,Viagem,boleto,Sampaio,0
86141,720.95,2025-03-15 21:06:40,PetShop,pix,Sampaio do Campo,0
13733,836.58,2025-02-25 00:07:32,Farmacia,cartao_debito,Montenegro,0
96951,4146.85,2025-03-01 23:37:33,Eletrônicos,boleto,Albuquerque Grande,1
47777,3524.42,2025-03-14 22:39:59,Restaurante,cartao_credito,Cunha do Galho,0
43050,2001.57,2025-03-02 13:25:40,Compra Online,cartao_debito,Teixeira,0
47954,1597.28,2025-03-15 07:58:40,Eletrônicos,cartao_debito,Brito da Mata,0
13762,1034.48,2025-03-18 10:19:07,PetShop,cartao_credito,Almeida,0
33488,3775.37,2025-03-19 09:28:46,Viagem,bitcoin,da Costa,1
48407,344.44,2025-03-21 20:35:29,Farmacia,cartao_credito,Andrade,0
83226,3451.91,2025-03-08 03:00:33,Farmacia,boleto,da Cruz de Novais,0
31771,4992.69,2025-03-14 12:50:42,Farmacia,bitcoin,Camargo,0
35910,4973.26,2025-03-22 09:24:42,Viagem,boleto,Pacheco Alegre,0
87491,1206.11,2025-02-22 13:59:24,Farmacia,boleto,Rezende,0
37359,4288.99,2025-03-15 12:37:18,Viagem,boleto,Garcia do Amparo,0
78346,4070.96,2025-03-17 06:30:32,Compra Online,paypal,Silveira das Flores,0
76958,3827.79,2025-03-14 07:33:49,Eletrônicos,cartao_debito,Ribeiro do Norte,0
91183,4726.47,2025-02-22 01:08:19,Eletrônicos,boleto,Aragão Alegre,1
84181,3666.95,2025-03-21 14:07:11,Farmacia,cartao_credito,Machado da Mata,1
92926,1915.56,2025-03-16 23:59:29,Eletrônicos,bitcoin,Correia,0
80209,1633.93,2025-02-22 21:37:49,Farmacia,pix,Alves,1
55351,3304.18,2025-03-11 02:54:18,Restaurante,cartao_debito,Jesus,0
49461,2731.92,2025-03-09 03:19:36,Farmacia,cartao_debito,Pastor,0
81820,2543.39,2025-03-09 20:16:58,Viagem,cartao_credito,Silva Verde,0
26097,1917.32,2025-02-24 07:50:13,Viagem,cartao_debito,Azevedo de Minas,0
89709,2797.81,2025-02-25 06:51:04,Eletrônicos,cartao_debito,Mendes de Garcia,0
55849,1832.05,2025-03-18 18:21:22,Eletrônicos,cartao_debito,Monteiro,1
79469,4098.15,2025-03-17 23:14:22,Eletrônicos,boleto,da Costa,1
37034,2866.1,2025-03-20 03:07:07,Restaurante,cartao_credito,Sá Verde,0
33717,3293.28,2025-03-09 04:22:14,Farmacia,boleto,Lopes de Minas,0
25740,4005.07,2025-03-07 10:16:28,Supermercado,paypal,Casa Grande,0
28092,1231.58,2025-03-16 07:27:15,Eletrônicos,cartao_credito,Aparecida do Oeste,0
40416,964.56,2025-03-04 09:01:45,Viagem,boleto,Vasconcelos,0
93967,424.22,2025-02-21 20:52:58,Eletrônicos,cartao_debito,Cavalcanti do Sul,1
41074,2352.95,2025-03-01 05:42:30,Farmacia,cartao_debito,Rocha de Sousa,0
61713,1108.94,2025-02-25 09:28:41,Restaurante,boleto,da Rocha do Campo,0
50566,1202.16,2025-03-01 22:13:37,Eletrônicos,bitcoin,Pires,0
88357,3903.34,2025-03-05 20:05:13,Eletrônicos,cartao_credito,Ferreira,0
40965,4401.92,2025-03-07 19:31:42,Compra Online,boleto,Siqueira do Norte,0
48517,3730.69,2025-03-05 12:57:28,Farmacia,boleto,Vieira,0
52813,4945.59,2025-02-22 14:01:51,Supermercado,cartao_debito,Nogueira Verde,0
58794,4214.12,2025-02-24 03:17:11,Supermercado,boleto,Siqueira,0
62999,2331.94,2025-03-02 14:03:09,Restaurante,cartao_credito,Jesus de Vargas,1
87612,3988.92,2025-03-10 14:34:51,Farmacia,boleto,Oliveira,0
45531,348.11,2025-02-21 12:45:32,Viagem,cartao_credito,Vieira de Minas,0
77718,4977.5,2025-02-24 00:23:43,Viagem,bitcoin,da Luz,1
29895,3130.14,2025-03-04 10:54:48,Eletrônicos,boleto,Montenegro Verde,1
29686,3678.04,2025-03-04 19:39:51,PetShop,cartao_debito,da Mota de Câmara,0
43298,1128.65,2025-03-16 01:51:16,Restaurante,paypal,da Mota de Cavalcante,0
90212,4734.82,2025-03-05 12:44:15,Eletrônicos,boleto,Vargas da Praia,1
94091,165.58,2025-02-24 20:26:37,PetShop,boleto,Cunha de Ramos,1
81390,451.31,2025-02-22 21:52:27,Eletrônicos,bitcoin,Rocha de Castro,0
78273,4098.04,2025-03-17 00:28:28,Farmacia,cartao_credito,Freitas,1
10027,1799.0,2025-02-27 10:11:57,Supermercado,boleto,Monteiro das Pedras,0
12801,723.01,2025-03-07 17:50:22,PetShop,pix,Fonseca do Norte,1
96129,2961.39,2025-02-23 02:20:24,Eletrônicos,cartao_debito,Rios das Flores,0
51270,3060.26,2025-03-12 05:26:28,Compra Online,cartao_credito,Novais,0
42470,4354.52,2025-03-03 03:53:52,Restaurante,boleto,Alves,0
83848,3556.58,2025-03-03 03:08:09,Viagem,bitcoin,Barbosa da Praia,1
80499,1159.79,2025-03-13 19:18:27,PetShop,cartao_debito,Fogaça da Prata,0
30046,4892.8,2025-02-21 23:03:37,Eletrônicos,paypal,Camargo,0
94460,2179.79,2025-03-03 02:15:44,Compra Online,cartao_credito,da Cruz da Prata,0
86234,1349.65,2025-02-25 16:51:06,PetShop,boleto,Jesus das Pedras,0
60358,510.92,2025-03-07 04:19:50,Farmacia,cartao_credito,Lopes,1
50312,4252.77,2025-03-14 08:53:48,Supermercado,cartao_debito,Farias do Campo,0
51783,3016.27,2025-03-07 07:45:04,Farmacia,cartao_debito,Leão,0
88616,2778.46,2025-03-13 17:56:44,Supermercado,paypal,Freitas do Campo,0
76160,4307.2,2025-03-02 09:23:50,Farmacia,paypal,Pires das Flores,0
74065,4955.17,2025-03-06 02:14:14,Eletrônicos,cartao_debito,Viana de Casa Grande,0
62923,1877.97,2025-03-11 03:30:46,Eletrônicos,cartao_debito,das Neves do Sul,0
28768,2751.27,2025-02-26 20:59:30,Eletrônicos,cartao_debito,Sales,1
36689,1789.64,2025-03-05 05:59:03,Farmacia,pix,Brito,1
76099,3779.01,2025-03-16 13:49:13,Farmacia,pix,Caldeira do Galho,0
18964,3212.42,2025-03-03 10:30:50,Supermercado,bitcoin,Cardoso,0
68881,2831.99,2025-03-15 17:03:29,PetShop,pix,da Cunha do Oeste,1
74638,3311.55,2025-03-15 11:04:12,Eletrônicos,cartao_credito,Cunha,0
65106,2344.29,2025-02-23 11:44:20,Eletrônicos,cartao_debito,Macedo da Mata,0
45968,4492.58,2025-03-03 00:38:00,Viagem,bitcoin,Correia de Goiás,1
86620,1687.96,2025-03-10 11:05:01,Eletrônicos,boleto,Viana de da Rocha,0
72478,2913.08,2025-03-22 00:53:02,Farmacia,cartao_credito,Oliveira do Norte,0
14912,948.49,2025-03-18 21:22:44,Restaurante,cartao_credito,Correia do Amparo,1
23053,2476.14,2025-03-13 01:02:01,PetShop,paypal,Vargas,0
19305,2426.1,2025-02-21 17:29:19,Compra Online,cartao_debito,Nogueira do Campo,0
26800,2094.78,2025-03-09 18:47:10,PetShop,pix,Caldeira de Cunha,1
17527,440.09,2025-03-11 00:17:59,Supermercado,cartao_debito,Pires,0
72283,1162.47,2025-03-09 06:23:45,PetShop,cartao_credito,Machado dos Dourados,0
76597,2846.94,2025-03-12 07:40:19,Farmacia,pix,Jesus da Mata,1
75692,632.12,2025-02-22 06:13:30,Compra Online,cartao_debito,Fogaça do Amparo,0
94069,4388.24,2025-03-20 05:13:33,Viagem,bitcoin,Ferreira de da Costa,1
31500,210.7,2025-03-15 23:28:27,Eletrônicos,cartao_debito,Ramos,0
15390,909.64,2025-03-18 11:44:27,Viagem,cartao_debito,Melo do Galho,0
98726,4294.68,2025-03-21 07:30:42,Supermercado,cartao_credito,Correia de Minas,0
66857,4932.61,2025-02-22 13:54:38,Compra Online,cartao_credito,Ribeiro do Sul,1
17994,4863.58,2025-03-20 13:11:34,Eletrônicos,cartao_credito,Montenegro,0
53585,2644.54,2025-02-28 04:45:23,Farmacia,bitcoin,Monteiro dos Dourados,0
19397,4591.33,2025-03-12 07:23:20,Eletrônicos,cartao_debito,Cardoso de da Paz,0
24524,2546.29,2025-02-21 12:55:43,Supermercado,cartao_credito,Vieira Paulista,0
30309,3250.12,2025-02-21 09:37:49,Compra Online,cartao_debito,Mendonça,0
88197,716.05,2025-03-22 00:19:27,Farmacia,cartao_credito,da Rocha das Flores,1
86891,3251.88,2025-03-16 14:14:20,Compra Online,cartao_credito,Martins,1
42116,1307.29,2025-03-04 22:57:56,Eletrônicos,paypal,Costela de Freitas,0
61215,2376.68,2025-03-21 19:23:03,Viagem,bitcoin,Duarte,0
43002,432.09,2025-03-15 16:31:25,PetShop,pix,Marques,1
86635,1484.92,2025-03-10 12:01:15,Restaurante,cartao_credito,Siqueira de Sousa,0
82737,3625.07,2025-03-17 07:32:25,Restaurante,cartao_debito,Lima da Prata,0
16709,3296.21,2025-03-07 15:03:44,PetShop,pix,da Mata Alegre,1
35288,1443.27,2025-02-27 16:26:35,Viagem,cartao_credito,da Cruz,0
84567,1325.46,2025-02-22 08:57:47,Restaurante,cartao_credito,Ferreira de Minas,1
56149,1204.36,2025-02-22 12:11:05,Farmacia,pix,Pereira de Minas,1
39924,68.81,2025-03-13 22:43:10,Restaurante,cartao_credito,Rodrigues,0
53030,2110.81,2025-03-05 15:26:40,Eletrônicos,cartao_credito,Silva,0
41926,3201.42,2025-02-27 11:47:05,Restaurante,boleto,Rios da Mata,0
63297,4720.52,2025-03-18 06:53:42,Viagem,bitcoin,Macedo,1
27369,77.64,2025-03-08 15:37:03,PetShop,cartao_debito,da Cunha Verde,0
61887,4232.09,2025-03-20 18:21:02,Viagem,bitcoin,Caldeira de Alves,1
87034,396.73,2025-03-13 04:13:11,Farmacia,paypal,Barbosa de Azevedo,0
62780,4335.91,2025-03-04 18:15:41,Compra Online,boleto,da Conceição,0
52934,1160.64,2025-02-21 10:52:31,Farmacia,pix,Monteiro,0
74850,3551.47,2025-03-11 14:31:10,Eletrônicos,boleto,Sá Alegre,1
96480,337.34,2025-03-10 01:18:54,Viagem,cartao_credito,Vargas,0
34635,4308.13,2025-02-24 12:37:08,PetShop,boleto,Fogaça,0
16711,4761.25,2025-03-03 00:06:09,Farmacia,boleto,Silva,0
86039,2577.75,2025-03-08 15:58:02,Eletrônicos,cartao_debito,Campos Paulista,0
49319,2396.49,2025-02-21 05:05:40,Eletrônicos,boleto,Aparecida,0
41285,4506.97,2025-03-10 04:25:59,Farmacia,cartao_credito,Cavalcante Alegre,1
99333,1379.21,2025-03-08 13:44:44,Eletrônicos,cartao_credito,Garcia do Campo,0
72391,4008.07,2025-03-10 21:09:47,Farmacia,pix,Pastor,1
17513,1317.67,2025-02-25 08:04:50,Farmacia,cartao_debito,Martins das Pedras,0
96909,2234.66,2025-03-08 18:19:27,Compra Online,cartao_debito,das Neves,0
63499,3643.26,2025-03-02 02:52:20,Farmacia,cartao_credito,Pimenta Alegre,1
87170,1226.51,2025-03-17 11:02:36,Farmacia,cartao_credito,Porto do Campo,0
78634,4710.16,2025-03-22 02:50:59,PetShop,boleto,Pimenta do Campo,0
51085,2897.08,2025-03-21 18:54:27,PetShop,pix,Ferreira de Rezende,1
74959,2935.04,2025-03-19 14:01:44,Viagem,paypal,Lopes,0
84509,287.42,2025-02-23 09:00:23,PetShop,boleto,Macedo,1
19792,205.29,2025-03-15 19:25:20,Viagem,bitcoin,Correia de Castro,0
58672,4065.24,2025-03-02 00:00:44,Eletrônicos,cartao_credito,Sampaio das Flores,0
37237,2796.16,2025-03-07 21:34:27,Eletrônicos,pix,Cassiano Paulista,0
52800,3120.64,2025-03-13 09:10:21,PetShop,paypal,Moura,0
29976,3410.06,2025-02-21 06:39:55,Farmacia,pix,Cavalcanti,1
94942,1641.61,2025-03-18 14:55:40,Compra Online,cartao_credito,Andrade da Praia,0
50616,1678.09,2025-03-02 10:51:47,Farmacia,cartao_credito,Rios,1
43970,1962.91,2025-03-09 22:04:58,Farmacia,pix,Costela,1
66559,1260.98,2025-03-11 15:32:56,Eletrônicos,boleto,Oliveira,0
33674,4508.22,2025-03-22 10:05:44,Eletrônicos,cartao_debito,Mendes,1
28179,2390.56,2025-02-26 17:46:18,Viagem,cartao_credito,Borges Alegre,0
52145,1339.62,2025-03-16 03:51:58,Eletrônicos,cartao_credito,Marques,0
25860,2173.21,2025-03-02 07:06:23,Viagem,cartao_debito,Cardoso de Minas,0
47010,3477.92,2025-03-15 18:45:56,Eletrônicos,boleto,Macedo de da Cruz,1
92395,648.07,2025-03-01 06:58:01,Eletrônicos,cartao_credito,Siqueira de Pastor,0
37059,3929.71,2025-03-13 11:34:42,Eletrônicos,boleto,Correia Paulista,1
94043,4721.16,2025-03-05 18:16:10,Viagem,boleto,Rezende das Pedras,0
52965,1226.99,2025-02-23 18:11:42,Restaurante,cartao_credito,Cavalcante das Flores,1
70222,821.87,2025-03-14 04:39:30,Restaurante,cartao_credito,Pacheco Paulista,1
87086,322.8,2025-03-08 10:44:08,Eletrônicos,cartao_credito,Fogaça do Amparo,0
43955,1515.88,2025-03-19 14:07:12,Compra Online,boleto,Caldeira,0
24349,4754.51,2025-03-19 09:44:38,Eletrônicos,cartao_debito,Barros do Campo,1
17570,4290.3,2025-03-05 00:09:41,Restaurante,cartao_debito,Sá Grande,0
14340,3882.31,2025-02-21 05:28:49,Viagem,bitcoin,Montenegro,1
75764,1327.02,2025-03-10 07:23:29,Viagem,boleto,Barros,0
27973,2892.4,2025-02-24 01:27:04,PetShop,pix,da Rocha,1
16103,4770.13,2025-03-07 03:02:34,Viagem,bitcoin,Souza,1
13800,4428.11,2025-02-21 06:18:13,Restaurante,paypal,Novaes,0
72018,483.41,2025-03-07 08:17:55,Farmacia,boleto,Gonçalves de Alves,0
24364,2905.22,2025-03-08 23:17:44,Viagem,cartao_debito,Mendonça de Minas,0
89462,2866.32,2025-03-18 19:53:32,Eletrônicos,boleto,Pastor do Norte,0
69350,2095.51,2025-02-24 14:23:12,Farmacia,cartao_credito,Porto do Norte,0
19040,3909.27,2025-03-03 03:29:28,Supermercado,cartao_credito,Macedo do Norte,0
32891,3973.83,2025-03-04 12:06:49,Farmacia,cartao_credito,Fogaça,1
63872,1179.87,2025-02-22 09:22:01,Restaurante,cartao_credito,Lopes,1
80893,3281.08,2025-03-01 02:14:28,PetShop,pix,Dias das Pedras,1
45909,3753.57,2025-03-14 01:44:56,Restaurante,paypal,Vieira de Peixoto,0
19054,206.68,2025-02-26 23:55:22,Compra Online,cartao_debito,Mendes,0
52966,392.65,2025-03-03 00:24:00,Supermercado,cartao_credito,Araújo,0
59043,4529.12,2025-02-24 11:18:42,Compra Online,cartao_credito,da Cunha,1
56876,3174.71,2025-03-01 17:41:12,Compra Online,cartao_credito,Costa do Oeste,1
73214,3652.67,2025-03-20 04:31:55,Eletrônicos,cartao_debito,da Mota do Galho,1
46024,50.2,2025-02-22 19:48:26,PetShop,boleto,da Conceição,1
36286,3771.43,2025-03-03 02:46:02,Viagem,pix,Gonçalves,0
41580,2486.29,2025-03-14 04:46:50,Restaurante,cartao_debito,Siqueira das Pedras,0
23039,3849.71,2025-03-09 06:38:55,Eletrônicos,cartao_credito,das Neves,0
77348,2047.07,2025-03-19 21:34:54,Eletrônicos,cartao_debito,Machado,0
80882,4200.77,2025-03-10 16:24:15,Farmacia,cartao_credito,Cirino,1
55228,4823.65,2025-02-21 21:06:51,Farmacia,cartao_credito,da Rocha,0
30076,2092.62,2025-03-06 22:39:03,Farmacia,cartao_credito,Cunha Verde,0
78514,3840.03,2025-03-10 21:59:15,Farmacia,boleto,Ribeiro do Oeste,0
62524,2180.19,2025-03-11 00:19:16,Restaurante,cartao_credito,Ribeiro da Mata,0
26792,2906.97,2025-03-06 12:17:59,Eletrônicos,paypal,Lopes Alegre,0
55036,2279.41,2025-02-25 02:22:43,Farmacia,pix,da Rosa da Serra,1
17985,1211.0,2025-03-07 02:24:33,Viagem,boleto,Sampaio,0
40059,3557.11,2025-03-02 19:34:06,PetShop,cartao_credito,Pereira,0
46248,1159.38,2025-03-03 11:33:19,Eletrônicos,cartao_debito,Macedo do Amparo,0
44097,3876.82,2025-03-16 18:59:57,Viagem,bitcoin,Viana,1
76426,3844.11,2025-03-02 05:01:30,PetShop,pix,Farias de Cavalcanti,1
21711,2056.85,2025-03-12 09:08:57,Farmacia,cartao_debito,Nogueira,0
90548,4011.12,2025-03-09 09:50:24,Eletrônicos,boleto,Pereira,0
72837,2414.35,2025-03-20 08:03:47,Restaurante,cartao_credito,Moura,1
32111,2583.49,2025-03-07 21:59:30,Farmacia,cartao_debito,da Cunha,0
32474,2476.9,2025-03-10 20:47:17,Compra Online,cartao_credito,Freitas,0
15511,2523.04,2025-03-11 07:33:09,Compra Online,cartao_debito,Pacheco de Sales,0
58441,2458.1,2025-03-04 22:58:52,Restaurante,cartao_credito,Peixoto Verde,1
37919,4994.0,2025-03-18 14:05:13,Restaurante,cartao_debito,Macedo de Araújo,0
92081,4087.04,2025-03-02 02:19:52,Farmacia,cartao_debito,Moura,0
52503,4791.52,2025-03-19 03:22:34,Compra Online,cartao_credito,Santos de Moraes,1
57588,590.88,2025-03-02 23:27:57,Compra Online,paypal,Pereira dos Dourados,0
79808,4834.02,2025-02-22 23:50:05,Compra Online,cartao_credito,Farias,1
53657,1185.06,2025-03-10 00:14:11,Restaurante,cartao_debito,Vasconcelos,0
14155,2987.85,2025-03-19 17:12:06,PetShop,pix,Cavalcanti Alegre,1
98955,2532.71,2025-03-20 17:12:47,Farmacia,pix,Nascimento,1
99473,3699.02,2025-03-17 01:33:52,PetShop,pix,Ramos,1
25047,1627.49,2025-02-28 05:04:16,Viagem,cartao_credito,Mendonça,0
34041,57.35,2025-02-27 08:32:54,Farmacia,paypal,Duarte da Mata,0
18069,4972.36,2025-03-02 14:21:34,Farmacia,cartao_credito,Pacheco dos Dourados,0
32792,3365.71,2025-03-06 00:24:46,Compra Online,cartao_credito,Camargo da Serra,0
49574,130.83,2025-03-22 04:14:19,Restaurante,boleto,Macedo de Montenegro,0
72698,3255.16,2025-03-17 21:20:56,Viagem,cartao_credito,Novais Verde,0
84934,2256.08,2025-03-16 17:51:24,Viagem,cartao_credito,Casa Grande de Machado,0
83359,4595.47,2025-03-07 20:27:38,Eletrônicos,cartao_debito,Mendonça Verde,0
46655,63.08,2025-02-24 06:15:25,Farmacia,cartao_credito,Aragão,0
59991,2104.3,2025-03-17 12:40:12,Restaurante,boleto,Brito da Prata,0
64449,1059.98,2025-02-23 16:31:58,Farmacia,cartao_credito,Monteiro,0
71908,3521.16,2025-02-23 10:58:16,PetShop,pix,da Luz,1
85199,300.82,2025-03-17 17:12:49,Restaurante,cartao_credito,Carvalho de Azevedo,0
25868,4104.64,2025-02-22 07:51:07,Eletrônicos,cartao_debito,Freitas da Mata,0
90882,4957.71,2025-02-25 12:38:51,Farmacia,pix,Ribeiro,1
56856,1366.81,2025-03-04 14:59:07,PetShop,pix,Siqueira de Minas,1
65028,848.56,2025-03-11 22:51:10,Farmacia,cartao_credito,Abreu das Flores,0
26372,3653.93,2025-03-03 22:09:24,Compra Online,cartao_credito,Viana,1
99389,4196.61,2025-03-13 05:46:44,PetShop,cartao_debito,Araújo do Galho,0
80353,2667.16,2025-03-17 22:34:50,Eletrônicos,cartao_debito,Marques,0
44381,4074.53,2025-03-20 02:53:17,Viagem,bitcoin,da Conceição,1
38325,3772.98,2025-02-22 09:05:59,Farmacia,bitcoin,Rodrigues do Galho,0
59940,1704.9,2025-03-04 03:13:17,Farmacia,cartao_credito,Castro,1
61819,4695.92,2025-03-17 15:13:59,Farmacia,boleto,da Paz da Praia,0
65596,4817.51,2025-03-03 10:41:17,Supermercado,cartao_credito,da Paz,0
72553,2019.41,2025-02-24 08:19:11,Supermercado,cartao_debito,Pires dos Dourados,0
48933,2942.26,2025-03-01 14:53:44,Farmacia,bitcoin,Silveira de Gonçalves,0
33327,2516.81,2025-03-10 10:46:20,Restaurante,cartao_credito,Vieira,1
92747,3382.92,2025-03-07 03:55:05,Compra Online,cartao_credito,Dias do Amparo,1
38012,1879.95,2025-02-21 21:28:34,Compra Online,cartao_debito,da Rocha,0
40547,964.42,2025-02-26 11:17:52,Restaurante,cartao_credito,das Neves,1
95246,2492.87,2025-03-19 01:00:16,Supermercado,cartao_credito,da Rosa,0
68999,4295.65,2025-02-21 15:16:48,Farmacia,pix,Nogueira de Pastor,1
77423,152.82,2025-03-16 18:35:10,Viagem,cartao_credito,Rezende,0
39090,2578.48,2025-02-26 20:31:01,Eletrônicos,cartao_debito,Andrade de Moreira,0
63552,4358.52,2025-02-26 19:42:05,Restaurante,paypal,Oliveira da Praia,0
56357,3768.5,2025-03-19 07:51:16,PetShop,pix,Almeida,1
80563,4417.71,2025-02-25 23:14:10,Eletrônicos,boleto,Cirino de Rocha,1
92213,1087.72,2025-03-03 19:06:57,Farmacia,bitcoin,Câmara do Oeste,0
75951,1225.88,2025-03-09 07:31:33,Compra Online,paypal,Siqueira,0
95167,4535.7,2025-03-03 12:39:25,Eletrônicos,cartao_debito,da Conceição de Ferreira,0
32422,95.31,2025-03-16 20:19:26,Viagem,boleto,Peixoto,0
41392,3942.91,2025-03-06 05:47:39,Compra Online,boleto,Casa Grande,0
69432,2501.32,2025-03-20 14:21:42,Eletrônicos,cartao_credito,Garcia,0
40465,1979.3,2025-03-10 18:12:12,Compra Online,cartao_debito,Casa Grande,0
61389,3184.02,2025-03-03 02:37:45,Farmacia,cartao_debito,Mendes,0
56941,2298.9,2025-02-26 04:05:46,Farmacia,cartao_credito,Carvalho,1
23277,124.26,2025-03-08 09:47:28,PetShop,boleto,Vieira do Norte,1
18094,1689.67,2025-03-08 21:12:20,Compra Online,cartao_debito,Vasconcelos do Galho,0
37080,1485.4,2025-03-01 16:38:15,Eletrônicos,cartao_debito,Abreu,0
10531,3644.15,2025-03-09 20:12:28,Compra Online,cartao_credito,da Paz,0
46524,401.69,2025-03-13 19:58:01,Eletrônicos,cartao_debito,da Cunha de da Rosa,1
13340,4234.39,2025-03-19 09:53:09,PetShop,pix,da Rosa,1
14367,3232.61,2025-03-09 09:29:11,Compra Online,cartao_credito,Nascimento de Caldeira,1
42511,3522.76,2025-03-19 13:04:45,Eletrônicos,boleto,Andrade de Minas,1
58701,4280.21,2025-03-02 11:00:41,Supermercado,pix,da Paz,0
58762,1515.27,2025-02-22 21:09:08,Eletrônicos,cartao_credito,Macedo,0
46039,675.75,2025-03-13 02:13:31,Restaurante,cartao_debito,Aragão do Campo,0
83477,4203.19,2025-03-06 01:21:48,Viagem,paypal,Porto,0
69402,145.34,2025-03-01 11:00:24,Farmacia,cartao_credito,Cavalcante,1
55037,299.26,2025-03-13 21:42:49,Viagem,cartao_credito,Pinto de Minas,0
17335,114.56,2025-02-21 20:27:26,Eletrônicos,cartao_credito,Ribeiro de Santos,0
85976,524.22,2025-03-22 10:50:35,Farmacia,pix,Siqueira de Dias,1
30787,3511.2,2025-03-04 03:58:41,PetShop,cartao_debito,da Mota,0
62991,4620.47,2025-03-20 20:31:44,Supermercado,cartao_debito,Fernandes do Norte,0
85631,110.57,2025-02-23 12:41:25,PetShop,boleto,Peixoto,1
20908,1359.3,2025-03-22 06:57:57,Viagem,cartao_debito,Azevedo Grande,0
47240,1646.58,2025-02-23 19:57:43,Eletrônicos,cartao_debito,Fogaça do Campo,0
75892,2562.6,2025-02-26 09:30:06,Eletrônicos,cartao_credito,Nunes,0
44860,3171.03,2025-02-21 07:53:06,Eletrônicos,boleto,Barbosa,1
26382,2717.11,2025-03-11 15:35:49,Farmacia,cartao_debito,Leão Paulista,0
64060,3290.21,2025-03-02 16:29:32,Viagem,cartao_credito,Fernandes de Goiás,0
60302,4773.94,2025-02-21 20:57:34,Compra Online,cartao_credito,Mendes das Flores,0
25097,2564.31,2025-03-22 10:28:52,Compra Online,cartao_credito,Aragão da Mata,0
55229,3142.77,2025-03-08 18:51:53,Restaurante,paypal,Cavalcante,0
87234,1053.05,2025-03-07 20:30:57,Compra Online,cartao_debito,Peixoto,0
78970,3766.12,2025-03-18 02:55:22,Compra Online,cartao_credito,Rezende de Minas,1
86136,4639.3,2025-03-03 10:56:11,Farmacia,cartao_credito,da Mota,0
44611,4458.26,2025-02-27 21:33:48,Farmacia,pix,Garcia de Alves,1
33960,3123.67,2025-02-27 09:57:39,Farmacia,paypal,Moura,0
57530,252.22,2025-02-25 23:13:50,Farmacia,cartao_credito,Freitas de Ribeiro,0
82386,4037.46,2025-03-05 18:20:49,Eletrônicos,bitcoin,Brito dos Dourados,0
56036,2947.6,2025-02-27 01:40:28,Supermercado,paypal,da Cruz,0
15604,3825.72,2025-02-26 04:57:26,Compra Online,cartao_credito,Casa Grande de da Cruz,1
84923,1230.01,2025-03-13 20:09:22,Viagem,boleto,Rodrigues de Goiás,0
35310,3915.26,2025-03-17 04:36:43,Viagem,bitcoin,Vasconcelos da Praia,1
35855,532.73,2025-02-23 21:10:02,Eletrônicos,cartao_debito,Ramos,0
13441,946.11,2025-03-02 13:59:38,Eletrônicos,cartao_debito,Pinto,1
92313,3782.89,2025-03-12 20:36:47,Compra Online,cartao_credito,Carvalho,1
84352,3600.49,2025-03-03 06:18:26,Eletrônicos,cartao_debito,da Rosa,1
48499,1385.93,2025-03-03 04:50:23,Eletrônicos,cartao_debito,Cunha das Pedras,1
94371,4575.35,2025-03-03 09:09:26,Farmacia,pix,Fonseca de Minas,1
66113,3884.32,2025-03-17 23:19:12,PetShop,pix,Casa Grande,1
52769,2154.45,2025-03-20 22:18:19,Eletrônicos,cartao_debito,Gonçalves,1
55354,578.13,2025-02-23 00:45:39,Compra Online,cartao_debito,Costela,0
83236,1160.99,2025-03-08 03:37:13,Compra Online,cartao_debito,Duarte das Flores,0
89317,3507.75,2025-03-01 22:21:59,Compra Online,cartao_credito,da Mata,1
76611,4331.84,2025-02-27 23:04:45,Eletrônicos,cartao_credito,Silveira do Galho,0
34490,4651.58,2025-03-09 00:36:14,Supermercado,cartao_credito,Ferreira,0
14453,1727.11,2025-03-06 10:16:40,Eletrônicos,cartao_debito,Garcia de Goiás,0
20562,3204.3,2025-02-22 05:55:12,Eletrônicos,boleto,da Rocha,1
10423,113.98,2025-03-19 06:32:52,Viagem,cartao_debito,Montenegro,0
40121,4895.62,2025-03-16 19:58:01,Viagem,bitcoin,Duarte,1
21110,866.86,2025-02-26 15:24:51,Eletrônicos,boleto,Brito de Casa Grande,0
61821,3946.27,2025-02-28 00:46:17,Eletrônicos,cartao_debito,Andrade dos Dourados,0
69738,2488.85,2025-03-21 20:44:58,Restaurante,cartao_credito,Peixoto,1
83581,2366.06,2025-03-19 01:56:27,Eletrônicos,cartao_debito,Montenegro do Norte,1
43538,3809.89,2025-03-14 20:00:10,Restaurante,boleto,Santos de Ramos,0
82549,199.06,2025-02-23 03:56:31,Viagem,bitcoin,Santos,0
99575,2970.53,2025-03-20 14:50:07,Viagem,cartao_debito,Mendes,0
65026,1298.77,2025-02-25 14:39:20,Eletrônicos,cartao_debito,Novais,0
28148,1335.94,2025-03-09 06:48:48,PetShop,pix,da Luz da Praia,1
19234,1034.34,2025-03-21 10:59:16,Supermercado,bitcoin,Leão,0
99290,3840.89,2025-03-01 11:13:32,Compra Online,boleto,Cardoso,0
88282,3514.46,2025-03-21 20:45:39,Eletrônicos,boleto,Marques de da Paz,0
21107,1001.53,2025-03-21 14:20:47,Eletrônicos,cartao_debito,da Mata,0
44511,3772.64,2025-03-12 20:23:25,Supermercado,boleto,Moraes do Campo,0
80032,3702.12,2025-03-07 00:09:06,Eletrônicos,cartao_debito,Jesus,0
30164,4972.9,2025-03-15 06:10:24,Viagem,bitcoin,Melo da Praia,1
89546,1896.87,2025-02-20 17:12:17,Eletrônicos,cartao_debito,Rocha do Oeste,1
17107,90.36,2025-03-06 17:05:37,Eletrônicos,bitcoin,Lima,0
24155,3118.7,2025-03-12 01:38:31,Eletrônicos,boleto,Pastor,1
48113,1999.35,2025-03-07 02:23:44,Restaurante,cartao_credito,Macedo de Mendes,1
94913,1410.7,2025-02-27 11:49:29,Eletrônicos,boleto,Moraes,0
42772,2259.65,2025-03-20 23:08:44,Viagem,cartao_credito,Ramos do Sul,0
23605,157.75,2025-03-22 01:09:56,Supermercado,cartao_debito,Pacheco do Norte,0
44833,3220.55,2025-03-21 02:43:44,Farmacia,cartao_credito,da Cunha dos Dourados,0
27887,2884.44,2025-03-17 01:07:28,Viagem,cartao_credito,Camargo da Serra,0
67409,1463.62,2025-02-23 06:37:29,Viagem,cartao_debito,Cunha,0
89269,1168.52,2025-03-17 03:23:35,Eletrônicos,cartao_debito,Carvalho,0
91399,3809.47,2025-03-01 12:11:10,Supermercado,boleto,Pimenta,0
95323,2439.92,2025-03-01 12:45:42,Eletrônicos,cartao_debito,Aragão Alegre,0
82862,720.25,2025-03-13 00:02:01,Eletrônicos,cartao_debito,Costela de Minas,0
41397,3490.59,2025-03-08 03:51:56,Eletrônicos,boleto,Camargo de Goiás,1
69561,4100.09,2025-02-22 23:45:12,PetShop,pix,Caldeira do Sul,1
94487,3129.84,2025-03-20 22:33:57,Compra Online,cartao_credito,Souza,1
48585,205.98,2025-03-20 12:57:21,PetShop,paypal,Pimenta dos Dourados,0
39812,3007.62,2025-03-15 08:35:07,Farmacia,boleto,Cavalcanti da Mata,0
44354,3685.46,2025-03-13 06:57:45,Eletrônicos,bitcoin,Cirino,0
95343,4581.42,2025-03-04 17:28:32,Compra Online,cartao_credito,Rezende,1
67426,4662.23,2025-03-08 09:49:47,Eletrônicos,boleto,Rios de Teixeira,1
32508,4329.68,2025-03-15 15:01:07,Eletrônicos,cartao_credito,Lima Grande,0
82809,2329.38,2025-03-15 01:02:07,Supermercado,cartao_debito,das Neves,0
42197,3081.21,2025-03-14 03:00:51,Compra Online,cartao_credito,Araújo dos Dourados,1
19682,4083.39,2025-02-28 21:04:50,Supermercado,cartao_credito,Fernandes,0
99784,3101.67,2025-02-22 05:42:29,Eletrônicos,boleto,Caldeira,0
70186,1154.53,2025-02-21 21:53:23,Viagem,cartao_credito,Vieira,0
39315,4324.54,2025-03-01 17:41:05,Viagem,cartao_debito,Martins de Azevedo,0
93827,4815.8,2025-03-01 15:48:36,Eletrônicos,boleto,Rocha Paulista,1
94581,991.13,2025-02-24 06:18:41,Eletrônicos,cartao_credito,Casa Grande,0
22358,2519.13,2025-02-24 10:07:34,Eletrônicos,cartao_debito,Nunes do Amparo,0
94015,4776.07,2025-03-16 13:21:21,Eletrônicos,boleto,Borges do Norte,0
72132,1869.98,2025-03-21 22:35:57,Eletrônicos,paypal,Abreu de Farias,0
26174,555.24,2025-03-14 23:32:07,PetShop,pix,Albuquerque,1
30872,4307.25,2025-03-14 17:47:45,PetShop,pix,Sousa do Norte,1
45055,1842.61,2025-03-05 20:47:54,Viagem,cartao_debito,Campos Paulista,0
37554,2582.96,2025-03-04 08:22:58,Supermercado,cartao_credito,da Luz de Borges,0
32437,1783.06,2025-03-04 20:52:42,PetShop,pix,Freitas da Mata,1
51129,4818.98,2025-03-03 20:03:55,Eletrônicos,bitcoin,Montenegro,0
94927,2875.98,2025-03-11 21:34:35,Farmacia,boleto,da Conceição,0
83245,3770.21,2025-02-26 09:51:40,PetShop,pix,Souza dos Dourados,1
63085,4642.75,2025-03-09 01:34:11,Eletrônicos,paypal,Viana da Prata,0
16257,3860.5,2025-03-02 03:22:42,Supermercado,boleto,Pacheco de Rezende,0
58515,4685.25,2025-03-08 08:46:02,Viagem,bitcoin,da Mata,0
13905,1908.21,2025-03-20 22:33:23,Viagem,cartao_credito,Borges dos Dourados,0
64561,3793.12,2025-03-02 16:39:18,Eletrônicos,cartao_debito,Oliveira,1
42747,3479.17,2025-03-02 13:14:15,Farmacia,cartao_debito,Moraes Verde,0
44548,4970.87,2025-03-07 01:05:43,Eletrônicos,cartao_debito,Sousa de Goiás,0
33617,2235.05,2025-03-21 15:39:41,Farmacia,cartao_debito,Machado,0
16068,2565.96,2025-03-13 10:58:43,Viagem,boleto,Sampaio de Mendonça,0
72908,4192.55,2025-03-01 13:47:26,Farmacia,pix,Leão,1
45330,3559.61,2025-03-15 03:48:10,Compra Online,cartao_credito,Mendonça do Campo,1
32866,4612.12,2025-03-20 22:28:13,Compra Online,cartao_debito,Marques,0
52826,947.97,2025-03-02 04:55:09,Viagem,cartao_debito,Barbosa de da Mata,0
88164,740.05,2025-03-15 17:11:54,Supermercado,cartao_credito,da Luz Verde,0
36758,3235.91,2025-02-26 20:25:57,Eletrônicos,cartao_debito,Cassiano do Sul,0
88112,4407.5,2025-02-28 07:24:14,Eletrônicos,cartao_debito,Pacheco,0
65625,2650.69,2025-03-11 03:19:07,Farmacia,pix,Pastor de Leão,1
35658,4096.69,2025-03-09 05:03:54,Eletrônicos,boleto,Silveira das Flores,1
61730,2202.55,2025-03-22 05:13:51,Compra Online,boleto,Correia do Galho,0
48477,2879.82,2025-03-14 00:38:55,Eletrônicos,cartao_credito,Brito Grande,0
40708,2554.81,2025-03-04 01:31:38,Farmacia,cartao_credito,Santos,0
66348,931.53,2025-03-16 12:18:52,Viagem,pix,Barros,0
50551,4405.63,2025-03-12 01:59:20,Compra Online,cartao_credito,Moura,0
84203,4448.21,2025-02-21 08:54:10,Eletrônicos,boleto,Silva de da Cruz,1
65406,3399.36,2025-03-17 06:05:10,Eletrônicos,cartao_debito,Gomes das Pedras,1
16549,3558.08,2025-03-13 19:54:01,Eletrônicos,boleto,Sales das Pedras,1
81219,4428.57,2025-03-15 06:16:32,Eletrônicos,cartao_debito,Novais de Farias,0
